漏洞标题,危害级别,点击数,时间
PLCWirelessRouterGPN2.4P21-...,中,615,2018-12-29
多款D-Link产品未授权访问漏洞,中,443,2018-12-21
ABBGATE-E1和GATE-E2跨站脚本漏...,高,1036,2018-12-20
SiemensEN100EthernetCommuni...,高,1074,2018-12-14
SiemensEN100EthernetCommuni...,高,915,2018-12-14
SiemensTIM1531IRC身份验证漏...,高,934,2018-12-14
多款Siemens产品远程代码执行漏洞...,高,958,2018-12-14
多款Siemens产品本地访问权限漏洞...,高,931,2018-12-14
多款Siemens产品拒绝服务漏洞,中,916,2018-12-14
多款Siemens产品缓冲区溢出漏洞,高,915,2018-12-14
多款Siemens产品权限访问控制漏洞...,高,888,2018-12-14
多款Siemens产品保护机制失效漏洞...,高,963,2018-12-14
多款Siemens产品权限访问控制漏洞...,中,1178,2018-12-14
多款Siemens产品保护机制失效漏洞...,高,1365,2018-12-14
多款Siemens产品整数溢出漏洞,高,1372,2018-12-14
多款Siemens产品堆缓冲区溢出漏洞...,高,928,2018-12-14
SiemensTIM1531IRC认证缺失漏...,高,855,2018-12-14
RockwellAutomationAllen-Brad...,高,617,2018-12-07
多款Roche设备权限许可和访问控制...,中,1202,2018-11-08
多款Roche设备权限许可和访问控制...,中,664,2018-11-07
RocheAccu-ChekInformIIBase...,中,763,2018-11-07
iniNetSpiderControlSCADAWeb...,中,766,2018-12-05
OmronCX-One内存错误引用漏洞,中,1365,2018-12-05
AdvantechWebAccessWADashboar...,中,1800,2018-11-02
AdvantechWebAccessWADashboar...,中,1417,2018-11-02
AdvantechWebAccessBwmainleft...,中,1361,2018-11-02
科威文本显示器画面组态软件KEC3...,中,588,2018-10-26
科威文本显示一体机画面组态软件...,中,578,2018-10-26
AdvantechWebAccess不当访问控制...,高,2155,2018-10-26
AdvantechWebAccess栈缓冲区溢出...,高,2602,2018-10-26
AdvantechWebAccess路径遍历漏洞...,中,1458,2018-10-24
AdvantechWebAccess栈缓冲区溢出...,高,1966,2018-10-24
AdvantechWebAccess任意文件删除...,高,1495,2018-10-24
AdvantechWebAccess不当权限管理...,高,1866,2018-10-24
GAINElectronicCo.LtdSAGA1-...,中,1653,2018-10-24
GAINElectronicCo.LtdSAGA1-...,中,1576,2018-10-24
GAINElectronicCo.LtdSAGA1-...,高,1666,2018-10-24
TelecraneF25Series命令执行漏...,高,1509,2018-10-24
AdvantechWebAccess跨站脚本漏洞...,中,1274,2018-10-23
OmronCX-One缓冲区溢出漏洞,中,762,2018-12-05
INVTElectricVT-Designer堆缓冲...,高,1072,2018-12-03
INVTElectricVT-Designer代码执...,高,970,2018-12-03
多款SchneiderElectric产品跨站...,中,746,2018-11-29
多款SchneiderElectric产品拒绝...,中,1217,2018-11-29
多款SchneiderElectric产品跨站...,中,638,2018-11-29
北京杰控FameView组态软件存在弱...,低,975,2018-10-19
OmronCX-Supervisor越界读取漏洞...,低,1239,2018-10-19
LAquisSCADA缓冲区溢出漏洞,高,1425,2018-10-17
LAquisSCADA代码执行漏洞,中,1218,2018-10-17
LAquisSCADA路径遍历漏洞（CNVD...,高,1236,2018-10-17
LAquisSCADA整数溢出漏洞,中,1176,2018-10-17
LAquisSCADA越界读取漏洞,高,1085,2018-10-17
LAquisSCADA远程代码执行漏洞,中,1018,2018-10-17
WeconPIStudioHMI和PIStudio...,中,1044,2018-10-17
DCCEMAC1100PLC存在远程寄存器...,高,1566,2018-08-17
DCCEMAC1100PLC存在拒绝服务漏...,高,1477,2018-08-17
DCCEMAC1100PLC存在任意程序覆...,高,1554,2018-08-17
DCCEMAC1100PLC存在拒绝服务漏...,高,1451,2018-08-17
DCCEPLC_Config存在拒绝服务漏洞...,高,1445,2018-08-17
DCCEMAC1100PLC存在密码泄漏漏...,高,1397,2018-08-17
英威腾VS系列人机界面编程软件（...,中,1411,2018-08-09
SiemensAutomationLicenseMan...,中,838,2018-08-09
SiemensAutomationLicenseMan...,高,852,2018-08-09
SiemensSIMATICSTEP7和WinCC权...,高,854,2018-08-09
SiemensSIMATICSTEP7和WinCC拒...,高,847,2018-08-09
SIEMENSROXII权限提升漏洞（CN...,高,1477,2018-10-10
SIEMENSROXII权限提升漏洞,高,1402,2018-10-10
SIEMENSSIMATICS7-1200CPUFa...,高,1414,2018-10-10
"XiongmaiIPCameras,NVRsand...",高,1641,2018-10-10
"XiongmaiIPCameras,NVRsand...",中,1300,2018-10-10
AdvantechWebAccess栈缓冲区溢出...,高,1252,2018-10-23
NUUOCMS代码执行漏洞（CNVD-201...,高,1124,2018-11-29
NUUOCMS代码执行漏洞（CNVD-201...,高,1172,2018-11-29
NUUOCMSSQL注入漏洞,高,1357,2018-11-28
ModbusSlave缓冲区溢出漏洞,中,22,2018-11-20
SiemensSIMATICS7-400输入验证...,高,1651,2018-11-16
SiemensSIMATICPanels和SIMATI...,中,1088,2018-11-16
SiemensSIMATICS7-400输入验证...,高,703,2018-11-16
WeconPIStudioHMI和PIStudio...,高,1041,2018-10-17
WeconPIStudioHMI和PIStudio...,高,945,2018-10-17
CarestreamVueRIS信息泄露漏洞,低,962,2018-10-17
GEiFix未授权操作漏洞,中,1010,2018-10-16
NUUOCMS远程代码执行漏洞,高,1051,2018-10-16
NUUOCMS代码执行漏洞（CNVD-201...,高,973,2018-10-16
NUUOCMS代码执行漏洞（CNVD-201...,高,922,2018-10-16
NUUOCMS权限提升漏洞,高,947,2018-10-16
TPEditor栈缓冲区溢出漏洞,高,1404,2018-10-15
HaiwellC10S0R(-e)PLC存在越权...,高,1466,2018-08-17
HaiwellC10S0R(-e)PLC存在存储...,高,1336,2018-08-17
HaiwellC10S0R(-e)PLC存在任意...,高,1079,2018-08-17
HaiwellC10S0R(-e)PLC存在远程...,高,965,2018-08-17
HaiwellC10S0R(-e)PLC存在信息...,中,1023,2018-08-17
HaiwellC10S0R(-e)PLC存在任意更...,中,951,2018-08-17
omronPLCSYSMACCP1L存在远程控...,高,1252,2018-08-08
和利时PLCFCS存在远程控制漏洞,高,1209,2018-08-08
和利时PLCLE5109L存在远程控制漏...,高,1178,2018-08-08
WECON（维控）LeviStudioU栈堆缓...,高,2905,2018-08-02
DavolinkDVW-3200N路由器弱密码...,高,2009,2018-08-02
ABBPanelBuilder800输入验证漏...,中,881,2018-07-20
"XiongmaiIPCameras,NVRsand...",中,1237,2018-10-10
CiscoIndustrialNetworkDirec...,低,840,2018-10-09
FujiElectricV-ServerVPR内存...,高,1130,2018-09-25
CirCarlifeScada信息泄露漏洞（...,中,1087,2018-09-20
NUUONVRMini2存在后门漏洞,高,1102,2018-09-19
NUUONVRMini2远程代码执行漏洞,高,1045,2018-09-19
FujiElectricV-Server缓冲区溢...,高,1070,2018-09-19
FujiElectricV-Server越界读取...,高,701,2018-09-19
SiemensSIMATICS7-1200和SIMAT...,中,1096,2018-11-16
SiemensSIMATICSTEP7信息泄露...,低,544,2018-11-16
SiemensSIMATICITLMS、SIMATI...,高,582,2018-11-16
多款Siemens产品开放重定向漏洞,高,1407,2018-11-16
台达WPLSoft存在缓冲区溢出漏洞,低,486,2018-11-15
PhilipsiSitePACS和IntelliSpa...,中,443,2018-11-12
多款Roche设备权限许可和访问控制...,中,1161,2018-11-08
CiscoIndustrialNetworkDirec...,中,1163,2018-10-11
"SIEMENSSIMATICS7-1500,SIMATI...",中,1478,2018-10-10
HaiwellC10S0R(-e)PLC存在任意...,高,985,2018-08-17
HaiwellC10S0R(-e)PLC存在口令...,高,939,2018-08-17
HaiwellC10S0R(-e)PLC存在远程...,高,1044,2018-08-17
GEiFixscu.exe组件存在DLL劫持...,中,804,2018-08-17
GEiFixworkspace.exe组件存在D...,中,689,2018-08-17
OmronCX-Supervisor代码执行漏洞...,低,650,2018-08-16
UWinTechPro控制工程应用软件平...,低,1131,2018-08-16
SchneiderElectricModiconTM2...,高,1640,2018-08-10
MoxaNPort5210、5230和523拒绝...,中,1422,2018-07-20
多款Echelon产品信息泄露漏洞（C...,高,829,2018-07-20
多款Echelon产品信息泄露漏洞,高,817,2018-07-20
EchelonSmartServer1，SmartSe...,高,799,2018-07-20
FujiElectricV-Server整数溢出...,高,698,2018-09-19
FujiElectricV-Server越界写入...,中,706,2018-09-19
FujiElectricV-Server缓冲区溢...,高,700,2018-09-19
OPCUA应用程序缓冲区溢出漏洞,高,1642,2018-09-18
SiemensSCALANCEXSwitches输入...,高,1931,2018-09-13
SIMATICWinCCOA权限提升漏洞,高,1645,2018-09-13
IceQubeThermalManagementCe...,高,987,2018-09-10
NatusXltekNeuroWorks缓冲区溢...,高,2687,2018-06-27
CirCarLifeScada信息泄露漏洞,中,2220,2018-06-25
CirCarLifeScada未授权升级漏洞,中,1582,2018-06-25
AutoEnt存在内存破坏漏洞,中,1256,2018-06-23
英威腾VS系列人机界面编程软件存...,中,2260,2018-06-22
多款RockwellAutomation产品输入...,高,1667,2018-06-22
DeltaElectronicsDeltaIndust...,高,1635,2018-06-22
NatusXltekNeuroWorks拒绝服务...,高,1500,2018-06-21
EchelonSmartServer1，SmartSe...,高,794,2018-07-20
AVEVAInTouch缓冲区溢出漏洞,中,1399,2018-07-20
AVEVAInduSoftWebStudio和InT...,高,769,2018-07-20
Eaton9000XDrive缓冲区溢出漏洞...,中,812,2018-07-16
SELAcSELeratorArchitect拒绝服...,高,712,2018-07-11
SIEMENSSCALANCEM875命令注入漏...,高,1709,2018-06-13
SiemensSCALANCEXSwitches跨站...,中,1591,2018-06-13
SiemensSCALANCEXSwitches跨站...,中,1557,2018-06-13
SchneiderElectricU.motionBu...,中,1445,2018-06-13
SchneiderElectricU.motionBu...,高,1445,2018-06-13
SELAcSELeratorArchitectXML注...,高,708,2018-07-11
SELCompass权限提升漏洞,高,805,2018-07-11
UniversalRobotsRobotControl...,高,1757,2018-07-11
UniversalRobotsRobotControl...,高,1535,2018-07-11
NatusXltekNeuroWorks缓冲区溢...,高,1422,2018-06-21
NatusXltekNeuroWorks缓冲区溢...,高,1413,2018-06-21
NatusXltekNeuroWorks缓冲区溢...,高,1408,2018-06-21
北京和利时LKSSafetyFA-AutoTh...,中,1217,2018-06-15
SIEMENSRAPIDLab1200andRAPI...,高,2677,2018-06-13
SIEMENSRAPIDLab1200andRAPI...,高,2233,2018-06-13
多款SIEMENS产品堆溢出漏洞,中,2449,2018-06-13
SIEMENSSCALANCEM875信息泄露漏...,中,1754,2018-06-13
SIEMENSSCALANCEM875跨站脚本漏...,中,1675,2018-06-13
SIEMENSSCALANCEM875跨站请求伪...,高,1680,2018-06-13
SchneiderElectricU.motionBu...,高,1383,2018-06-13
SchneiderElectricU.motionBu...,高,1407,2018-06-13
RockwellAutomationRSLinxCla...,高,1225,2018-06-08
BeaconMedaesTotalAlertScroll...,高,1221,2018-06-07
多款Yokogawa产品安全绕过漏洞,高,1278,2018-06-06
台安科技TP03-软件V21存在内存读...,中,1340,2018-07-09
台安科技SG2软件存在内存读取越界...,中,1345,2018-07-09
台安科技AP-PCLINKsetupV1.5存...,中,1209,2018-07-09
SIEMENSSCALANCEM875任意文件下...,中,1612,2018-06-13
SIEMENSSCALANCEM875命令注入漏...,高,1588,2018-06-13
DCCE MAC1100PLC存在任意文件读...,中,1156,2018-05-14
HPNetworkAutomationSQL注入漏...,中,1101,2018-05-14
HPNetworkAutomation跨站脚本漏...,中,1048,2018-05-14
多款OSIsoftPI产品远程代码执行...,高,589,2018-05-14
MatrikonOPCExplorer文件传送漏...,中,1091,2018-05-11
PhilipsIntelliVuePatientand...,中,1159,2018-06-06
多款Philips产品未授权访问漏洞,中,1446,2018-06-06
NatusMedical缓冲区溢出漏洞（C...,高,1343,2018-06-05
NatusMedical缓冲区溢出漏洞,高,1298,2018-06-05
NatusXltekNeuroWorks缓冲区溢...,中,1276,2018-06-05
DeltaElectronicsDeltaIndust...,高,882,2018-05-21
PhoenixContactmanagedFLSWI...,高,1618,2018-05-21
PhoenixContactmanagedFLSWI...,中,1405,2018-05-21
PhoenixContactmanagedFLSWI...,高,1392,2018-05-21
GE多款PACSystems产品输入验证错...,高,1276,2018-05-21
MedtronicN'VisionClinicianP...,中,1162,2018-05-21
LantechIDS2102栈缓冲区溢出漏...,高,1092,2018-05-04
LantechIDS2102输入验证漏洞,高,1044,2018-05-04
多款WECON产品缓冲区溢出漏洞,中,1274,2018-04-28
DeltaPMSoft缓冲区溢出漏洞,中,1270,2018-04-28
AdvantechWebAccessHMIDesign...,高,1483,2018-04-26
AdvantechWebAccessHMIDesign...,高,1160,2018-04-26
AdvantechWebAccessHMIDesign...,高,1143,2018-04-26
VecnaVGoRobotOS命令注入漏洞,高,1144,2018-04-25
IceQubeThermalManagementCe...,中,1423,2018-09-10
SchneiderElectricM580PLC存在...,中,905,2018-09-07
广州超然计算机有限公司EL-100系...,中,1667,2018-08-30
科威文本一体机画面组态软件IOCS...,中,1481,2018-08-30
EmersonElectricDeltaV栈缓冲区...,高,2273,2018-08-21
GEMDSPulseNETandMDSPulseN...,中,1189,2018-06-06
GEMDSPulseNETandMDSPulseN...,中,1175,2018-06-06
GEMDSPulseNETandMDSPulseN...,高,1518,2018-06-06
DeltaIndustrialAutomationDO...,高,1237,2018-06-06
DeltaIndustrialAutomationDO...,高,1161,2018-06-06
DeltaIndustrialAutomationDO...,高,1147,2018-06-06
ABBIPGateway未授权访问漏洞（...,高,1350,2018-06-06
NAPro存在内存破坏漏洞,中,1561,2018-07-05
NA-VIEW存在内存破坏漏洞,中,1560,2018-07-05
SiemensSICLOCKTC产品绕过认证...,低,3859,2018-07-04
SiemensSICLOCKTC产品信息泄露...,中,1706,2018-07-04
SiemensSICLOCKTC产品未授权操...,高,1788,2018-07-04
SiemensSICLOCKTC产品未授权操...,高,1641,2018-07-04
SiemensSICLOCKTC产品绕过认证...,高,1657,2018-07-04
SiemensSICLOCKTC产品拒绝服务...,高,1708,2018-07-04
LeviStudio存在拒绝服务漏洞,中,1294,2018-07-04
RockwellAutomationArena拒绝服...,中,144355,2018-05-11
AdvantechWebAccess堆栈缓冲区溢...,高,895,2018-05-11
AdvantechWebAccess'nvA1Media...,高,1110,2018-05-11
AdvantechWebAccessSQL注入漏洞...,高,1053,2018-05-11
EatonELCSoftProgrammingSoft...,高,1039,2018-05-11
多款SchneiderElectric产品缓冲...,中,1138,2018-05-10
多款SchneiderElectric产品HTTP...,高,1121,2018-05-10
多款SchneiderElectric产品CGI请...,高,1131,2018-05-10
四方CSI-200EA测量控制装置IP协议...,中,1237,2018-06-04
四方CSI-200EA测量控制装置MMS协...,中,1203,2018-06-04
大连理工计算机控制工程有限公司...,高,1377,2018-05-31
MULTIPROG在处理LST文件存在缓冲...,高,1177,2018-05-30
SiemensSIMATICS7-400拒绝服漏...,高,1571,2018-05-16
AdvantechWebAccess路径遍历漏洞...,中,1215,2018-05-16
AdvantechWebAccess源验证错误漏...,中,1189,2018-05-16
多款Advantech产品文件名或路径外...,中,878,2018-05-16
AdvantechWebAccess信息泄露漏洞...,中,1139,2018-05-16
AdvantechWebAccess栈缓冲区溢出...,高,1196,2018-05-16
VecnaVGoRobot信息泄露漏洞,中,1096,2018-04-25
多款CiscoIndustrialEthernet交...,高,1245,2018-04-23
MXProgrammer软件存在拒绝服务漏...,中,1182,2018-04-23
MXProgrammer软件存在拒绝服务漏...,中,1109,2018-04-20
SchneiderElectricTriconexTr...,中,1186,2018-04-19
SchneiderElectricTriconexTr...,高,1147,2018-04-19
EmersonElectricDeltaV权限管理...,高,1699,2018-08-21
EmersonElectricDeltav路径遍历...,高,1764,2018-08-21
EmersonElectricDeltav无控制搜...,高,1714,2018-08-21
多款Philips产品硬编码凭证漏洞,高,1878,2018-08-21
多款Philips产品不正确验证漏洞,中,1687,2018-08-21
ABBIPGateway跨站请求伪造漏洞,高,1244,2018-06-06
ABBIPGateway未授权访问漏洞,高,1210,2018-06-06
PhilipsIntelliVuePatientand...,高,1168,2018-06-06
MedtronicMyCareLinkPatientM...,中,2784,2018-07-02
MedtronicMyCareLinkPatientM...,中,2466,2018-07-02
WeconPLCeditor存在内存破坏漏...,中,1319,2018-07-01
深圳市航力晟科技有限公司一体机...,中,1341,2018-06-27
OmronCX-One堆缓冲区溢出漏洞,中,1194,2018-04-13
ATISystemsEmergencyMassNot...,中,1210,2018-04-13
ATISystemsEmergencyMassNot...,中,1140,2018-04-13
SchneiderElectricU.motionBu...,高,1138,2018-04-13
多款SchneiderElectric产品缓冲...,中,1067,2018-05-10
WECONLeviStudio存在堆溢出漏洞,中,1179,2018-05-10
SiemensSiveillanceVMSVideo...,中,1240,2018-05-09
PLCWinNT软件存在内存泄露漏洞,中,1152,2018-05-04
PhilipsBrillianceCTScanners...,高,1106,2018-05-04
PhilipsBrillianceCTScanners...,中,1049,2018-05-04
PhilipsBrillianceCTScanners...,中,1060,2018-05-04
TrihedralEngineeringLimited...,高,706,2018-05-29
MartemTELEM-GW6/GWM跨站脚本漏...,高,1362,2018-05-28
MartemTELEM-GW6/GWM拒绝服务漏...,高,1308,2018-05-28
MartemTELEM-GW6/GWM关键功能缺...,高,1254,2018-05-28
BeaconMedaesScrollMedicalAi...,高,1263,2018-05-28
BeaconMedaesScrollMedicalAi...,中,1248,2018-05-28
BDReadA设计漏洞,中,1242,2018-05-28
BDDBManager和PerformA设计漏洞...,中,1412,2018-05-28
四方CSI-200EA测量控制装置MMS协...,中,1150,2018-05-24
AdvantechWebAccessSQL注入漏洞...,中,1255,2018-05-16
AdvantechWebAccess不受信任的指...,中,1365,2018-05-16
多款Advantech产品不当权限管理漏...,中,920,2018-05-16
AdvantechWebAccess路径遍历漏洞...,低,1166,2018-05-16
多款Advantech产品权限提升漏洞,高,900,2018-05-16
多款Advantech产品堆缓冲区溢出漏...,高,890,2018-05-16
DCCE MAC1100PLC存在远程代码上...,高,1355,2018-05-14
DCCE MAC1100PLC存在存储器任意...,高,1160,2018-05-14
SchneiderElectricInduSoftWe...,高,1176,2018-04-19
SIMATICWinCCOAOperatoriOS信...,中,1409,2018-04-19
MXProgrammer软件存在拒绝服务漏...,中,1157,2018-04-17
和利时LE5109LPLC存在拒绝服务漏...,高,1242,2018-04-13
OmronCX-One代码执行洞,中,1260,2018-04-13
TridiumNiagaraAXFramework和...,中,1677,2018-08-21
TridiumNiagaraAXFramework和...,高,1719,2018-08-21
和利时LE5109LPLC存在远程控制器...,高,2234,2018-08-18
和利时LE5109LPLC存在任意程序清...,高,1876,2018-08-18
和利时LE5109LPLC存在存储器任意...,高,1982,2018-08-18
和利时LE5109LPLC存在存储器任意...,中,1868,2018-08-18
和利时LE5109LPLC存在拒绝服务漏...,高,1964,2018-08-18
SchneiderElectricU.motionBu...,中,1069,2018-04-13
SchneiderElectricU.motionBu...,高,1072,2018-04-13
SchneiderElectricU.motionBu...,高,1068,2018-04-13
SchneiderElectricU.motionBu...,中,1060,2018-04-13
和利时LE5109LPLC存在拒绝服务漏...,高,1110,2018-04-13
DCCE MAC1100PLC存在信息泄露漏...,中,1088,2018-04-13
DCCE MAC1100PLC存在信息泄露漏...,中,1068,2018-04-13
和利时LE5109LPLC存在信息泄露漏...,中,1018,2018-04-13
和利时LE5109LPLC存在缓冲区溢出...,高,1048,2018-04-13
RockwellAutomationMicroLogix...,低,1158,2018-04-10
RockwellAutomationAllenBrad...,中,1150,2018-04-09
RockwellAutomationAllenBrad...,中,1142,2018-04-09
RockwellAutomationAllenBrad...,中,1166,2018-04-09
AllenBradleyMicrologix1400...,高,1185,2018-04-08
AllenBradleyMicrologix1400...,高,1068,2018-04-08
北京杰控FameView组态软件存在代...,中,2211,2018-05-22
亚控科技组态王KingView6.55版本...,中,1587,2018-05-22
SiemensTIM1531IRC安全绕过漏...,高,1230,2018-04-02
SchneiderElectric多款产品弱加...,中,1269,2018-03-28
SchneiderElectric多款产品使用...,中,1169,2018-03-28
SchneiderElectric多款产品堆栈...,中,1141,2018-03-28
PhilipsAlice6缺少加密敏感数据...,中,1192,2018-03-28
PhilipsAlice6不正当认证漏洞,中,1140,2018-03-28
BeckhoffTwinCAT不可信指针引用...,高,1325,2018-03-26
OmronCX-One堆缓冲区溢出漏洞（...,中,1195,2018-04-13
和利时LE5109LPLC存在远程控制漏...,中,1759,2018-08-18
和利时LE5109LPLC存在拒绝服务漏...,中,1608,2018-08-18
和利时LE5109LPLC存在拒绝服务漏...,中,1604,2018-08-18
MAC1100PLC存在拒绝服务漏洞,高,1105,2018-04-12
MAC1100PLC存在远程控制漏洞,高,1112,2018-04-12
腾控T920PLC存在拒绝服务漏洞（...,高,1094,2018-04-12
腾控T920PLC存在拒绝服务漏洞,高,1083,2018-04-12
亚控科技组态王（KingView）存在...,高,1192,2018-04-10
AllenBradleyMicrologix1400...,高,1084,2018-04-08
AllenBradleyMicrologix1400...,高,1072,2018-04-08
AllenBradleyMicrologix1400...,高,1056,2018-04-08
AllenBradleyMicrologix1400...,高,1052,2018-04-08
AllenBradleyMicrologix1400...,高,1069,2018-04-08
AllenBradleyMicrologix1400...,高,1057,2018-04-08
SiemensSIMATICWinCCOAUIfo...,中,1259,2018-03-23
GeutebruckIPCameras跨站脚本漏...,高,1411,2018-03-22
GeutebruckIPCameras跨站请求伪...,高,1344,2018-03-22
GeutebruckIPCameras跨站请求伪...,高,1256,2018-03-22
GeutebruckIPCameras不正确的访...,高,1162,2018-03-22
OmronCX-Supervisor存在未明漏洞...,中,1161,2018-03-14
OmronCX-Supervisor免费使用漏洞...,中,1175,2018-03-14
OmronCX-Supervisor存在未明漏洞...,中,1126,2018-03-14
OmronCX-Supervisor存在未明漏洞...,中,1134,2018-03-14
OmronCX-Supervisor缓冲区溢出漏...,中,1145,2018-03-14
OSIsoftPIDataArchive拒绝服务...,高,1189,2018-03-14
OSIsoftPIDataArchive权限提升...,高,1155,2018-03-14
多款BeldenHirschmann交换机产品...,中,1066,2018-03-08
多款BeldenHirschmann交换机产品...,高,1112,2018-03-08
多款BeldenHirschmann交换机产品...,中,1066,2018-03-08
多款BeldenHirschmann交换机产品...,高,1066,2018-03-08
ABBMicroSCADA安装权限提升漏洞,高,1054,2018-03-02
MoxaOnCellG3100-HSPASeries空...,中,1199,2018-03-02
MoxaOnCellG3100-HSPASeries拒...,高,1149,2018-03-02
IntelServerPlatformServices...,高,642,2017-11-22
IntelManageabilityEngine缓冲...,高,616,2017-11-22
IntelManageabilityEngine存在...,高,599,2017-11-22
SchneiderElectricIGSSSCADA...,中,1022,2018-02-26
VyaireMedicalCareFusionUpgr...,中,1084,2018-02-08
FujiElectricV-ServerVPR堆栈...,高,26015,2018-02-06
3SCODESYSWebVisuWeb服务器组...,高,1347,2018-02-06
SprecherAutomationSPRECON-E-C...,高,1638,2018-02-02
PhilipsIntelliSpaceCardiovas...,中,1177,2018-01-31
PHOENIXCONTACTmGuard未授权修...,高,1347,2018-01-31
WeconTechnologiesLeviStudio...,中,1048,2018-01-15
WeconTechnologiesLeviStudio...,中,1041,2018-01-15
MoxaMXview权限提升漏洞,高,1083,2018-01-15
PHOENIXCONTACTFLSWITCH未授权...,高,1035,2018-01-15
PHOENIXCONTACTFLSWITCH信息泄...,中,1017,2018-01-15
GeneralMotors和ShanghaiOnSta...,高,988,2018-01-11
LCDSLAquisSCADA任意代码执行漏...,高,1158,2018-04-10
YokogawaCENTUMandExaopc权限...,中,1381,2018-04-10
AllenBradleyMicrologix1400...,高,1047,2018-04-08
AllenBradleyMicrologix1400...,高,1052,2018-04-08
AllenBradleyMicrologix1400...,高,1044,2018-04-08
MoxaMxview信息泄露漏洞,高,1157,2018-04-08
AllenBradleyMicrologix1400...,高,1061,2018-04-08
WAGO750系列拒绝服务漏洞,中,1280,2018-04-03
SiemensSIMATIC多款产品拒绝服务...,高,1393,2018-04-03
RockwellAutomationAllenBrad...,高,1377,2018-04-03
GeutebruckIPCameras远程代码执...,高,1178,2018-03-22
GeutebruckIPCamerasSQL注入漏...,高,1212,2018-03-22
多款Siemens产品拒绝服务漏洞（C...,中,1246,2018-03-22
MikroTikRouterOS缓冲区溢出漏洞...,高,1629,2018-03-20
FCPowerXKeyServer组件存在拒绝...,中,1003,2018-03-17
NMS2056S存在登录绕过漏洞,中,1088,2018-03-16
OSIsoftPIDataArchive拒绝服务...,中,1067,2018-03-14
OSIsoftPIVision跨站脚本漏洞,中,1060,2018-03-14
OSIsoftPIVision信息泄露漏洞,中,1064,2018-03-14
OSIsoftPIWebAPI跨站脚本漏洞,中,1048,2018-03-14
OSIsoftPIWebAPI权限提升漏洞,高,1058,2018-03-14
RapidScada权限提升漏洞,高,998,2018-03-12
MoxaOnCellG3100-HSPASeries身...,高,1113,2018-03-02
DeltaElectronicsDeltaIndust...,中,1087,2018-03-02
SchneiderElectricPowerSCADA...,中,959,2018-02-28
EmersonControlWaveMicroProc...,高,1193,2018-02-28
DeltaElectronicsWPLSoft越界写...,高,1072,2018-02-28
DeltaElectronicsWPLSoft堆缓冲...,高,1041,2018-02-28
DeltaElectronicsWPLSoft堆栈缓...,高,1051,2018-02-28
IntelManageabilityEngine存在...,高,591,2017-11-22
IntelManageabilityEngine缓冲...,高,772,2017-11-22
Snap7Server拒绝服务漏洞,中,559,2017-11-20
多款MoxaNport产品拒绝服务漏洞...,高,1194,2017-11-17
多款MoxaNport产品信息泄露漏洞,高,1184,2017-11-17
多款MoxaNport产品拒绝服务漏洞,高,1276,2017-11-17
PhilipsIntelliSpaceCardiovas...,高,1110,2017-11-16
SICAMRTUSM-2556COM模块任意代...,高,1125,2017-11-15
SICAMRTUSM-2556COM模块跨站脚...,中,1091,2017-11-15
亚控科技组态王（KingView）Hist...,中,1056,2018-01-29
NariPCS-9611relay输入验证漏洞...,高,1276,2018-01-26
SiemensTeleControlServerBas...,中,1111,2018-01-26
SiemensTeleControlServerBas...,高,1090,2018-01-26
SiemensTeleControlServerBas...,中,1078,2018-01-26
SiemensDESIGOPX固件文件上传漏...,高,26685,2018-01-25
AdvantechWebAccess/SCADA目录遍...,中,10331,2018-01-24
GeneralMotors和ShanghaiOnSta...,高,955,2018-01-11
GeneralMotors和ShanghaiOnSta...,高,949,2018-01-11
RockwellAutomationAllen-Brad...,高,1056,2018-01-10
CODESYSRuntimeplclinux_rt多个...,中,942,2018-01-10
AdvantechWebAccess拒绝服务漏洞...,中,942,2018-01-08
AdvantechWebAccess栈缓冲区溢出...,中,925,2018-01-08
OmronCX-Supervisor越界写漏洞,中,1465,2018-03-14
OmronCX-Supervisor堆缓冲区溢出...,中,1206,2018-03-14
EatonELCSoft任意代码执行漏洞,高,1135,2018-03-09
SchneiderElectricSoMovesoft...,高,1105,2018-03-09
Siemens多个产品存在未授权操作漏...,高,1142,2018-03-09
Siemens多个产品文件上传漏洞,高,1172,2018-03-09
多款Siemens产品存在未明漏洞,低,1086,2018-03-09
AutoStation存在拒绝服务漏洞,中,1071,2018-03-09
多款BeldenHirschmann交换机产品...,中,1109,2018-03-08
INVTStudio存在DLL劫持漏洞,中,1014,2018-02-27
HPLoadRunner和PerformanceCen...,高,1064,2018-02-26
ABBnetCADOPSWebApplication信...,中,1129,2018-02-26
NortekLineareMergeE3Series...,高,1175,2018-02-26
SchneiderElectricStruxureOn...,高,1165,2018-02-26
SICAMRTUSM-2556COM模块信息泄...,中,1125,2017-11-15
SchneiderElectricInduSoftWe...,高,870,2017-11-13
AutomationDirect多个产品DLL劫持...,中,926,2017-11-13
ABBFox515TembeddedWeb服务器...,中,822,2017-11-13
KabonaABWebDatorCentral密码明...,高,595,2017-11-10
AdvantechWebAccess指针引用漏洞...,高,911,2017-11-03
SiemensSIMATICPCS7拒绝服务漏...,高,999,2017-11-03
AdvantechWebAccess堆栈缓冲溢出...,高,1811,2017-11-03
AdvantechWebAccess/SCADASQL注...,中,1128,2018-01-24
SIEMENSSIMATICWinCCAdd-OnG...,高,1020,2018-01-19
SIEMENSSIMATICWinCCAdd-OnG...,高,4252,2018-01-19
SIEMENSSIMATICWinCCAdd-OnG...,高,1130,2018-01-19
AdvantechWebAccess任意文件上传...,中,1109,2018-01-17
AdvantechWebAccess信息泄露漏洞...,中,1000,2018-01-17
AdvantechWebAccess路径遍历漏洞...,中,922,2018-01-08
AdvantechWebAccessSQL注入漏洞...,高,982,2018-01-08
DeltaIndustrialAutomationSc...,中,980,2018-01-08
DeltaIndustrialAutomationSc...,中,950,2018-01-08
DeltaIndustrialAutomationSc...,中,938,2018-01-08
DeltaIndustrialAutomationSc...,中,971,2018-01-08
ABBFOX515T信息泄露漏洞,中,792,2017-11-01
TrihedralEngineeringLimited...,高,805,2017-11-01
TrihedralEngineeringLimited...,高,798,2017-11-01
KorenixJetNet未授权访问漏洞,高,844,2017-10-27
KorenixJetNet中间人攻击漏洞,高,864,2017-10-27
SpiderControlMicroBrowser任意...,高,833,2017-10-23
WPA2无线网络IGTK组密钥重装漏洞,中,547,2017-10-17
WPA2无线网络GTK组密钥重装漏洞,中,571,2017-10-17
WPA2无线网络PTK-TK加密密钥重装...,中,603,2017-10-17
SiemensBACnetFieldPanels目录...,中,817,2017-10-13
SiemensBACnetFieldPanels安全...,高,780,2017-10-13
BAS920和ISC2000设备BASYSTEMS...,中,945,2018-01-04
紫金桥监控组态软件存在内存越界...,低,33215,2018-01-04
亚控科技组态王（KingView）存在...,高,2079,2018-01-03
ForceControl存在代码执行漏洞,低,3776,2018-01-02
力控科技ForceControlV7.2产品N...,中,1018,2017-12-29
MoxaNPortW2150AandW2250A未...,中,755,2017-12-25
WAGOPFC200系列不正确身份验证漏...,高,1053,2018-02-26
AdvantechWebAccess输入验证漏洞...,高,940,2018-01-05
英伟腾VTDesigner存在逻辑漏洞,低,44176,2018-01-05
BostonScientificZOOMLATITUD...,中,731,2017-10-23
BostonScientificZOOMLATITUD...,中,757,2017-10-23
JanTekJTC-200未授权访问漏洞,高,687,2017-10-19
EnvitechLtdEnviDASUltimate身...,高,694,2017-10-13
ProMinentMultiFLEXM10aContr...,高,705,2017-10-13
ProMinentMultiFLEXM10aContr...,高,735,2017-10-13
ABBEllipse信息泄漏洞露漏洞,中,761,2017-12-21
EcavaIntegraXorSQL注入漏洞（...,中,678,2017-12-21
EcavaIntegraXorSQL注入漏洞（...,中,701,2017-12-21
SiemensLOGO!SoftComfort中间...,中,661,2017-12-21
WECONLeviStudioHMI堆缓冲区溢...,高,707,2017-12-21
XiongmaiTechnologyIPCameras...,高,930,2017-12-12
DigiumAsteriskGUIOS命令注入...,高,1029,2017-09-22
CtekSkyRouter身份验证绕过漏洞,高,1263,2017-09-22
SchneiderElectricInduSoftWe...,高,1080,2017-09-22
HaiwellCloudSCADA安卓APP存在...,中,853,2017-09-19
HaiwellCloudSCADA安卓APP存在...,中,850,2017-09-19
Philips'IntelliViewMX40Pati...,中,1006,2017-09-13
Philips'IntelliViewMX40Pati...,中,1035,2017-09-13
AutomatedLogicCorporation多个...,中,921,2017-09-01
MoxaSoftCMSLiveViewerSQL注...,高,1074,2017-09-01
OPWFuelManagementSystemsSi...,高,887,2017-09-01
OPWFuelManagementSystemsSi...,高,908,2017-09-01
Siemens7KMPACSwitchedEther...,低,939,2017-09-01
SiemensOPCUA协议XML外部实体漏...,高,1149,2017-09-01
AbbottLaboratories多款起搏器产...,低,898,2017-08-30
AbbottLaboratories多款起搏器产...,中,941,2017-08-30
AbbottLaboratories多款起搏器产...,中,886,2017-08-30
多款Westermo设备硬编码使用加密...,中,770,2017-08-29
ALCWebCTRLi-Vu/SiteScanWeb文...,中,864,2017-08-24
SpiderControlSCADAWebServer...,中,832,2017-08-24
SpiderControlSCADAMicroBrows...,高,852,2017-08-24
Philips'DoseWisePortal硬编码...,高,882,2017-08-21
Philips'DoseWisePortal明文存...,高,873,2017-08-21
BMCMedicalLunaCPAPMachine和...,低,822,2017-08-17
AdvantechWebAccessTpMegaJVT...,高,941,2017-08-08
AdvantechWebAccessRtspVapgDe...,高,923,2017-08-08
AdvantechWebAccessTpMegaJVT...,高,945,2017-08-08
AdvantechWebAccessRtspVapgDe...,高,909,2017-08-08
AdvantechWebAccessRtspVapgDe...,高,927,2017-08-08
AdvantechWebAccessRtspVapgDe...,高,926,2017-08-08
AdvantechWebAccessnvA1Media...,高,927,2017-08-08
AdvantechWebAccessnvA1Media...,高,913,2017-08-08
JanTekJTC-200跨站请求伪造漏洞,高,712,2017-10-19
ProgeaMoviconSCADA/HMI权限提...,高,1373,2017-10-18
ProgeaMoviconSCADA/HMI任意代...,高,817,2017-10-18
InfineonRSALibrary加密安全绕...,中,484,2017-10-18
WPA2无线网络休眠模式IGTK密钥重...,中,558,2017-10-17
ProMinentMultiFLEXM10aContr...,高,708,2017-10-13
ProMinentMultiFLEXM10aContr...,中,693,2017-10-13
ProMinentMultiFLEXM10aContr...,中,750,2017-10-13
WECONTechnologyLeviStudioHM...,高,750,2017-10-13
LAVAComputerMFGEther-Serial...,高,794,2017-10-11
多个PhoenixContact产品跨站脚本...,高,752,2017-12-11
RockwellAutomationFactoryTal...,高,735,2017-12-11
GeovapRelianceSCADA跨站脚本漏...,中,665,2017-12-01
EthiconEndo-SurgeryGenerator...,中,658,2017-11-29
多款Siemens产品拒绝服务漏洞,高,774,2017-11-29
IntelTrustedExecutionEngine...,高,661,2017-11-22
IntelTrustedExecutionEngine...,高,659,2017-11-22
IntelServerPlatformServices...,高,652,2017-11-22
mySCADAmyPRO权限提升漏洞,高,1041,2017-09-13
MoxaSoftCMSLiveViewerSQL注...,高,786,2017-09-08
Wibu-SystemsCodeMeter跨站脚本...,中,737,2017-09-08
SmithsMedicalMedfusion4000...,低,1030,2017-09-08
SmithsMedicalMedfusion4000...,高,999,2017-09-08
SmithsMedicalMedfusion4000...,中,934,2017-09-08
SmithsMedicalMedfusion4000...,高,984,2017-09-08
SmithsMedicalMedfusion4000...,高,982,2017-09-08
SmithsMedicalMedfusion4000...,高,1138,2017-09-08
SmithsMedicalMedfusion4000...,中,953,2017-09-08
WiresharkProfinetI/O解析器拒...,中,684,2017-08-31
SiemensLOGO!8BM中间人攻击漏洞...,高,1269,2017-08-31
SiemensLOGO!8BM会话ID泄露漏洞...,高,1038,2017-08-31
AdvantechWebAccess任意代码执行...,中,1021,2017-08-30
AdvantechWebAccess权限提升漏洞...,高,938,2017-08-30
AdvantechWebAccess未授权操作漏...,高,944,2017-08-30
AdvantechWebAccess验证绕过漏洞...,高,970,2017-08-30
AdvantechWebAccess任意代码执行...,高,911,2017-08-30
AdvantechWebAccessHEAP缓冲区...,高,937,2017-08-30
AdvantechWebAccess堆栈缓冲区溢...,高,940,2017-08-30
多款Westermo路由器硬编码密码漏...,高,1117,2017-08-26
DeltaIndustrialAutomationWP...,高,928,2017-08-25
DeltaIndustrialAutomationWP...,高,855,2017-08-25
DeltaIndustrialAutomationWP...,中,825,2017-08-25
DeltaIndustrialAutomationWP...,高,850,2017-08-25
DeltaIndustrialAutomationWP...,高,834,2017-08-25
DeltaIndustrialAutomationWP...,高,842,2017-08-25
DeltaIndustrialAutomationWP...,高,863,2017-08-25
DeltaIndustrialAutomationWP...,中,829,2017-08-25
RockwellAutomationAllen-Brad...,高,1195,2017-08-16
SIMPlightSCADASoftwareDLL加...,低,871,2017-08-14
Siemens300/400系列PLC远程控制...,高,2319,2017-08-11
SolarControlsHeatingControl...,中,835,2017-08-11
SolarControlsWATTConfigMSo...,高,823,2017-08-11
FujiElectricMonitouchV-SFT不...,中,877,2017-08-11
AdvantechWebAccessnvA1Media...,高,976,2017-08-08
SchneiderElectricPro-faceGP...,中,843,2017-08-06
多款NXPi.MX产品验证绕过漏洞,中,979,2017-08-03
多款NXPi.MX产品栈缓冲区溢出漏...,中,886,2017-08-03
多款PDQ产品权限获取漏洞（CNVD-...,高,893,2017-08-03
多款PDQ产品权限获取漏洞,高,917,2017-08-03
WPA2无线网络休眠模式组密钥重装...,中,595,2017-10-17
WPA2无线网络TPK密钥重装漏洞,中,577,2017-10-17
WPA2无线网络STK密钥重装漏洞,中,574,2017-10-17
WPA2无线网络PTK-TK加密密钥重装...,中,558,2017-10-17
WPA2无线网络IGTK组密钥重装漏洞...,中,582,2017-10-17
WPA2无线网络GTK组密钥重装漏洞（...,中,561,2017-10-17
Siemens7KTPAC1200DataManag...,高,930,2017-10-09
GECIMPLICITY栈缓冲区溢出漏洞,高,896,2017-10-09
SiemensRuggedcomROSandSCAL...,高,1220,2017-09-29
CiscoIOSSoftware拒绝服务漏洞...,高,1029,2017-09-28
SchneiderElectricClearSCADA内...,中,1894,2017-09-26
SaiaBurgessControlsPCDCont...,中,1194,2017-09-22
iniNetSolutionsGmbHSCADAWe...,高,639,2017-09-22
SmithsMedicalMedfusion4000...,高,1021,2017-09-08
i-SENSSmartLogDiabetesManag...,高,974,2017-09-08
SpiderControlSCADAWebServer...,中,950,2017-09-08
AdvantechWebAccess缓冲区溢出漏...,高,946,2017-08-30
AdvantechWebAccessSQL注入漏洞...,中,936,2017-08-30
AzeoTechDAQFactory不受控制的搜...,低,875,2017-08-30
AzeoTechDAQFactory未授权修改漏...,中,884,2017-08-30
DeltaIndustrialAutomationWP...,中,820,2017-08-25
DeltaIndustrialAutomationPM...,中,828,2017-08-25
DeltaIndustrialAutomationPM...,中,823,2017-08-25
多款Marel未授权访问漏洞,高,841,2017-08-25
FujiElectricMonitouchV-SFT项...,中,861,2017-08-11
FujiElectricMonitouchV-SFT项...,中,874,2017-08-11
ABBSREA-01和SREA-50存在目录遍...,高,809,2017-08-11
MoxaSoftNVR-IALiveViewerDL...,中,823,2017-08-09
OSIsoftPIIntegrator未授权访问...,中,806,2017-08-09
OSIsoftPIIntegrator跨站脚本漏...,低,738,2017-08-09
SchneiderElectricTrioTView...,中,1600,2017-08-09
AdvantechWebAccessRtspVapgDe...,高,946,2017-08-08
OSIsoftPIProcessBookandPI...,高,830,2017-08-03
ABBVSN300WiFiLoggerCard和V...,高,896,2017-08-03
MirionTechnologiesTelemetry...,中,819,2017-08-03
MirionTechnologiesTelemetry...,中,815,2017-08-03
ContinentalTCU远程代码执行漏洞...,高,824,2017-08-03
SiemensSiPassintegrated认证绕...,高,844,2017-07-13
AdvantechWebOPDesigner堆缓冲...,中,844,2017-07-11
SchneiderElectricAmplaMES弱...,中,857,2017-07-11
SchneiderElectricAmplaMES信...,高,855,2017-07-11
SchneiderElectricWonderware...,中,790,2017-07-10
RockwellAutomationPanelView...,高,877,2017-06-21
TrihedralVTScada跨站脚本漏洞,高,1320,2017-06-21
TrihedralVTScada拒绝服务漏洞,高,1412,2017-06-21
TrihedralVTScada信息泄露漏洞,高,1321,2017-06-21
OSIsoftPIServer认证绕过漏洞（...,中,785,2017-06-21
OSIsoftPIServer认证绕过漏洞,中,819,2017-06-21
OSIsoftPIWebAPI跨站请求伪造...,中,875,2017-06-21
多款Westermo路由器硬编码未授权...,中,915,2017-08-25
ALCWebCTRLi-Vu/SiteScanWeb路...,高,879,2017-08-24
ALCWebCTRLi-Vu/SiteScanWeb未...,中,871,2017-08-24
ContinentalTCU堆栈缓冲区溢出漏...,高,808,2017-08-03
SchneiderElectricWonderware...,中,757,2017-07-10
SchneiderElectricWonderware...,高,806,2017-07-10
SiemensOZW672和OZW772中间人攻...,高,849,2017-07-05
SiemensOZW672和OZW772数据读写...,中,1422,2017-07-05
SchneiderElectricPro-FaceWi...,高,1071,2017-07-03
SiemensSIMATICCP44x-1RNA模...,高,1313,2017-06-21
SchneiderElectricU.motionBu...,高,860,2017-06-14
SchneiderElectricU.motionBu...,高,852,2017-06-14
SchneiderElectricU.motionBu...,高,827,2017-06-14
SchneiderElectricU.motionBu...,中,835,2017-06-14
SchneiderElectricU.motionBu...,高,812,2017-06-14
SchneiderElectricU.motionBu...,高,823,2017-06-14
SchneiderElectricU.motionBu...,中,847,2017-06-14
SchneiderElectricU.motionBu...,中,840,2017-06-14
SchneiderElectricU.motionBu...,中,827,2017-06-14
SchneiderElectricU.motionBu...,高,845,2017-06-14
SchneiderElectricU.motionBu...,中,846,2017-06-14
SchneiderElectricU.motionBu...,中,837,2017-06-14
BeldenHirschmannGECKO服务器端...,中,1576,2017-06-30
BeldenHirschmannGECKO跨站请求...,中,1286,2017-06-30
BeldenHirschmannGECKO信息泄露...,中,1450,2017-06-30
SiemensViewPortforWebOffic...,高,817,2017-06-30
多款Newport产品认证绕过漏洞,高,836,2017-06-28
SiemensXHQ权限提升漏洞,高,860,2017-06-23
Wireshark'profinet/packet-dce...,中,645,2017-06-23
SchneiderElectricU.motionBu...,高,844,2017-06-14
SchneiderElectricU.motionBu...,高,846,2017-06-14
SchneiderElectricU.motionBu...,高,826,2017-06-14
SchneiderElectricU.motionBu...,高,838,2017-06-14
SchneiderElectricU.motionBu...,高,856,2017-06-14
SchneiderElectricU.motionBu...,高,864,2017-06-14
SchneiderElectricU.motionBu...,高,844,2017-06-14
SchneiderElectricU.motionBu...,中,815,2017-06-14
DigitalCanalStructuralWind...,中,754,2017-06-09
多款RockwellAutomation产品存在...,中,1333,2017-06-05
多款RockwellAutomation产品存在...,中,1331,2017-06-05
多款RockwellAutomation产品存在...,低,1316,2017-06-05
多款RockwellAutomation产品存在...,高,1350,2017-06-05
多款RockwellAutomation产品存在...,高,1319,2017-06-05
PhoenixBroadbandTechnologies...,中,740,2017-06-04
B.BraunSpaceComModule开放重...,中,763,2017-05-25
CambiumNetworksePMP权限提升漏...,中,755,2017-06-22
CambiumNetworksePMP访问控制错...,中,749,2017-06-22
EcavaIntegraXorSQL注入漏洞,高,918,2017-06-22
多个SchneiderElectricModicon...,中,839,2017-05-25
BDPerformA和KLAJournalServi...,中,750,2017-05-25
SchneiderElectricWonderware...,高,1273,2017-05-22
海康威视多款摄像机配置文件密码...,中,33114,2017-05-22
大华多款数字录像机和IP摄像机配...,中,32603,2017-05-22
HanwhaTechwinSRN-4000远程命令...,高,750,2017-05-19
SchneiderElectricSoMachineH...,中,1228,2017-05-19
PhoenixContactmGuard拒绝服务...,高,836,2017-05-25
PhoenixContactmGuard安全绕过...,低,808,2017-05-25
多个SchneiderElectricModicon...,高,848,2017-05-25
多个SchneiderElectricModicon...,中,816,2017-05-25
SchneiderElectricSoMachineH...,中,1274,2017-05-19
WeconTechnologiesLEVIStudio...,高,1486,2017-05-18
DetconSiteWatchGateway身份验...,高,779,2017-05-18
DetconSiteWatchGateway身份验...,高,756,2017-05-18
HPNetworkAutomation远程未认证...,中,1217,2017-05-18
多款Satel产品命令注入漏洞,高,708,2017-05-17
SchneiderElectricVAMPSET内存...,中,703,2017-05-12
HPNetworkAutomationSQL注入漏...,高,1374,2017-05-10
HPNetworkAutomation远程代码执...,高,1401,2017-05-10
SierraWirelessAirLinkRaven...,中,723,2017-05-10
SierraWirelessAirLinkRaven...,中,726,2017-05-10
Siemens多个工业产品存在拒绝服务...,中,1858,2017-05-09
SiemensSIMATICHMI拒绝服务漏洞...,中,1889,2017-05-09
Siemens多个工业产品存在拒绝服务...,中,1929,2017-05-09
SiemensSIMATICWinCC和SIMATIC...,高,2100,2017-05-09
RockwellAutomation远程拒绝服务...,高,1480,2017-05-09
CertecAtvisescada跨站脚本漏洞...,低,1146,2017-05-09
AdvantechWebAccess8.2_201703...,中,1448,2017-05-08
DahuaTechnologyAuthenticatio...,高,4560,2017-05-07
多款HikvisionCameras不正确身份...,高,33305,2017-05-07
AdvantechWebAccess目录遍历漏洞...,中,1477,2017-05-07
多款GE产品弱密码漏洞,高,801,2017-05-07
AdvantechB+BSmartWorxMESR...,高,746,2017-05-04
CyberVisionKaaIoT平台远程代码...,中,707,2017-05-04
WonderwareHistorian客户端本地...,中,725,2017-05-04
IntelAMT远程认证绕过漏洞,高,1334,2017-05-03
GEMultilinSR继电保护器未授权...,高,1633,2017-05-01
HyundaiMotorAmericaBlueLin...,中,1327,2017-04-28
HyundaiMotorAmericaBlueLin...,中,684,2017-04-27
BLF-TechLLCVisualViewHMI本地...,高,1469,2017-04-27
SierraWirelessAirLinkRaven...,中,693,2017-04-27
D-LinkDCS跨站伪造请求漏洞,中,1592,2017-04-27
多款Marel产品任意文件上传漏洞,高,1334,2017-04-27
LAquisSCADAdll劫持漏洞,中,1509,2017-04-26
MoxaMXView安全漏洞,中,2169,2017-04-20
MoxaMXView安全漏洞（CNVD-2017...,中,2139,2017-04-20
SchneiderElectricModiconTM2...,中,1901,2017-04-18
SchneiderElectricSoMachineB...,高,1878,2017-04-18
CoDeSys堆栈缓冲区溢出漏洞,高,1871,2017-04-17
CoDeSysWeb服务器任意文件上传漏...,高,1929,2017-04-17
WeconTechnologiesLEVIStudio...,中,2240,2017-04-17
SchneiderElectrichomeLYnkCo...,高,1267,2017-04-13
多款Marel产品安全绕过漏洞,高,1215,2017-04-13
SchneiderElectricInteractive...,中,1999,2017-04-11
MoxaMXAOPC-ServerXML外部实体...,低,1944,2017-04-11
SchneiderElectricModiconPLC...,中,1600,2017-04-10
SchneiderElectricModiconPLC...,中,1534,2017-04-10
CertecEDVGmbHatvisescada跨...,中,2195,2017-04-10
SchneiderModiconM221CE16R硬编...,中,2452,2017-04-06
SCADA引擎BACnetOPCServer存在dl...,中,1544,2017-04-05
SchneiderElectricWonderware...,中,2021,2017-04-05
SchneiderElectricWonderware...,中,1941,2017-04-05
SchneiderElectricWonderware...,高,2023,2017-04-05
MieleProfessionalPG8528PST...,中,1101,2017-04-01
SiemensRUGGEDCOMROXI跨站脚本...,中,1390,2017-03-29
SiemensRUGGEDCOMROXI安全绕过...,高,1404,2017-03-29
SiemensRUGGEDCOMROXI权限提升...,高,1351,2017-03-29
SiemensRUGGEDCOMROXI跨站脚本...,中,1341,2017-03-29
SiemensRUGGEDCOMROXI任意文件...,高,1342,2017-03-29
SchneiderElectricVAMPSET本地...,中,744,2017-03-28
台达PLC编程软件(DeltaWPLSoft)...,低,1669,2017-03-28
RockwellAutomationFactoryTal...,低,1978,2017-03-27
FatekAutomationPLCEthernet...,高,1558,2017-03-27
LAquisSCADA本地访问绕过漏洞,低,1947,2017-03-27
RockwellAutomationConnected...,中,2326,2017-03-23
HPIntelligentManagementCent...,中,651,2017-03-17
HPLoadRunner/PerformanceCent...,高,1533,2017-03-17
SchneiderElectricClearSCADA拒...,中,1682,2017-03-17
EatonxComfortEthernetCommun...,高,1473,2017-03-17
HPIntelligentManagementCent...,中,1249,2017-03-16
SchneiderElectricWonderware...,高,1058,2017-03-09
SchneiderElectricModiconM34...,中,2136,2017-03-09
SchneiderElectricConextComB...,高,1555,2017-03-03
SiemensSINUMERIKIntegrateOp...,高,1541,2017-03-03
RedLionControlsSixnet-Manag...,高,2505,2017-02-28
WinPLC栈缓冲区溢出漏洞,高,1474,2017-02-28
SiemensRuggedComNMS跨站脚本漏...,高,1361,2017-02-23
SiemensRuggedComNMS跨站请求伪...,高,1306,2017-02-23
多款EatonePDUs路径遍历漏洞,中,1296,2017-02-20
GeutebruckG-Cam/EFD-2250身份认...,高,1276,2017-02-20
GeutebruckG-Cam/EFD-2250远程代...,高,1281,2017-02-20
AdvantechWebAccessDLL劫持漏洞...,中,2541,2017-02-17
SchneiderElectricWonderware...,中,1197,2017-02-15
BeldenHirschmannGECKOLiteM...,中,1326,2017-02-14
SIEMENSSIMATICLogon认证绕过漏...,高,2621,2017-02-14
HanwhaTechwinSmartSecurity...,高,1189,2017-02-13
HanwhaTechwinSmartSecurity...,高,1167,2017-02-13
CitrixLicenseServerforWind...,中,983,2017-02-10
SielcoSistemiWinlogPro/Win...,中,2175,2017-02-10
Alaris8015PCunit信息泄露漏洞...,中,1128,2017-02-10
Alaris8000/8015PCunits信息泄...,中,1102,2017-02-10
BINOM3ElectricPowerQuality...,高,2142,2017-02-10
BINOM3ElectricPowerQuality...,中,2060,2017-02-10
OSIsoftPICoresight和PIWebA...,中,1644,2017-01-13
Merlin@home人中间安全绕过漏洞,中,1555,2017-01-11
RockwellAutomationMicroLogix...,中,2591,2017-01-10
RockwellAutomationMicroLogix...,中,2592,2017-01-10
RockwellAutomationLogix5000...,高,2678,2017-01-10
PLCWinProladder栈缓冲区溢出漏...,中,2343,2016-12-20
多款DeltaElectronics产品堆缓冲...,高,2168,2016-12-16
BINOM3ElectricPowerQuality...,高,2095,2017-02-10
BINOM3ElectricPowerQuality...,中,2105,2017-02-10
BINOM3ElectricPowerQuality...,中,2081,2017-02-10
多款DeltaElectronics产品任意文...,高,2044,2016-12-16
SIMATICWinCC和SIMATICPCS7A...,中,2112,2016-12-15
SIMATICS7-300和S7-400CPU信息...,中,2258,2016-12-15
SIMATICS7-300和S7-400CPU拒绝...,中,2229,2016-12-15
SauterNovaWebWebHMI认证绕过...,高,2107,2016-12-13
HollySys软件HT8000工程文件存在...,中,2763,2016-12-08
EcavaIntegraXor存在多个SQL注入...,高,2098,2017-02-10
CiscoIndustrialEthernet2000...,中,2546,2017-02-06
HoneywellXLWebIIController...,高,2641,2017-02-05
HoneywellXLWebIIController...,高,2537,2017-02-05
HoneywellXLWebIIController...,高,2562,2017-02-05
HoneywellXLWebIIController...,高,2547,2017-02-05
HoneywellXLWebIIController...,高,2576,2017-02-05
多个MitsubishiElectricMELSEC...,高,2073,2016-12-05
多个MitsubishiElectricMELSEC...,高,2007,2016-12-05
多个Emerson产品安全绕过漏洞,中,2146,2016-12-05
HPNetworkAutomation远程代码执...,高,2072,2016-12-02
SIEMENSSICAMPAS拒绝服务漏洞,高,971,2016-12-02
SIEMENSSICAMPAS安全绕过漏洞（...,高,963,2016-12-02
EmersonDeltaV提权漏洞,高,2115,2016-12-01
SchneiderhomeLYnkController...,中,1496,2017-01-25
PhoenixContactmGuard安全绕过...,高,1588,2017-01-24
多款GE产品本地信息泄露漏洞,中,2464,2017-01-20
Scada-os组态软件dll劫持漏洞,中,2590,2017-01-17
CarloGavazziAutomationVMU-C...,高,1687,2017-01-16
CarloGavazziAutomationVMU-C...,高,1671,2017-01-16
多款Westermo路由器欺骗漏洞,高,1022,2017-08-03
MitsubishiElectricEuropeB.V...,高,870,2017-08-03
MitsubishiElectricEuropeB.V...,中,817,2017-08-03
MitsubishiElectricEuropeB.V...,中,1887,2017-08-03
CiscoIndustrialNetworkDirec...,中,1005,2017-07-28
RockwellAutomationMicroLogix...,高,890,2017-07-26
SIEMENSSICAMPAS本地安全绕过漏...,高,1017,2016-12-01
SIEMENSSICAMPAS任意文件访问漏...,高,928,2016-12-01
GE组态软件iFIXV5.8存在远程拒绝...,中,2850,2016-11-29
Scada-os组态软件工程文件存在缓...,中,2739,2016-11-22
SIMATICS7-300/S7-400CPUfami...,中,2049,2016-11-22
CarloGavazziAutomationVMU-C...,高,1668,2017-01-16
WebClientSQL注入漏洞,高,1727,2017-01-16
AdvantechWebAccess'updateTem...,高,2690,2017-01-16
AdvantechWebAccess安全绕过漏洞...,中,2621,2017-01-16
PhoenixContactILC安全绕过漏洞...,高,1930,2016-11-10
siemens840D存在远程溢出漏洞,高,2382,2016-11-10
Siemens多款产品存在权限提升漏洞...,中,2239,2016-11-08
SchneiderElectricPowerSCADA...,中,1914,2017-07-24
SchneiderElectricPowerSCADA...,中,831,2017-07-24
SchneiderElectricPowerSCADA...,高,867,2017-07-24
SchneiderElectricPowerSCADA...,中,830,2017-07-24
ABBVSN300WiFiLoggerCard和V...,高,924,2017-07-24
OSIsoftPICoresight跨站请求伪...,高,833,2017-07-17
SiemensSIMATICCP343-1Advan...,高,2137,2016-11-22
SIEMENSSIMATICCP1543-1设备拒...,中,2056,2016-11-21
SIEMENSSIMATICCP1543-1设备权...,中,2119,2016-11-21
WiresharkProfinetI/O解析器拒...,中,893,2016-11-18
西门子上位机ProfinetDiscovery...,高,2677,2016-11-17
SiemensSIMATICS7-300/1200/15...,高,2791,2016-11-17
SiemensSIMATICS7-300CPU拒绝...,高,2599,2016-11-17
LynxspringJENEsysBASBridge跨...,高,1951,2016-11-17
LynxspringJENEsysBASBridge安...,高,1911,2016-11-17
LynxspringJENEsysBASBridge验...,高,1938,2016-11-17
SiemensSIPROTEC4/SIPROTECCo...,中,843,2016-09-06
AdvantechWebAccess8.1Active...,高,1772,2016-09-02
北京三维力控公司ForceControlV...,中,2116,2016-08-29
紫金桥监控组态软件RealInfo某组...,中,1708,2016-08-21
北京杰控工控组态软件FameView代...,高,1740,2016-08-20
北京杰控工控组态软件FameView任...,中,1678,2016-08-20
南京舜唐工控组态软件QTouch远程...,中,1690,2016-08-19
ABBDataManagerPro权限提升漏洞,中,1800,2016-08-19
RockwellAutomationMicroLogix...,高,1759,2016-08-16
欧姆龙CP1Hweb服务缓冲区溢出漏...,高,1842,2016-08-11
三菱FX3UPLCCOTP服务缓冲区溢出...,高,1943,2016-08-09
三菱LJ71E71-100-CM通讯模块Web服...,高,1846,2016-08-09
IBHsoftecS7-SoftPLCCPX43堆缓...,高,1896,2016-11-03
多款SchneiderElectric产品资源...,中,1983,2016-11-03
多款SchneiderElectric产品拒绝...,高,1911,2016-11-03
ABBRobotWare身份验证漏洞,高,2020,2016-11-03
ABBRobotWare远程代码执行漏洞,高,1965,2016-11-03
ABBRobotWare存在多个缓冲区溢出...,中,1922,2016-11-03
HoneywellExperionPKS拒绝服务...,中,1974,2016-11-03
AdvantechWebAccessActiveX存在...,中,1882,2016-11-01
SchweitzerEngineeringLaborat...,中,799,2017-07-17
SiemensSIMATICLogon越界写拒绝...,中,940,2017-07-17
FujiElectricV-Server内存破坏...,高,857,2017-07-15
SiemensSIMATICWinCCSm@rtCli...,高,1117,2017-07-14
SiemensSIMATICWinCCSm@rtCli...,中,1004,2017-07-14
SiemensSiPassintegrated凭证获...,中,818,2017-07-13
SiemensSiPassintegrated未授权...,高,832,2017-07-13
SiemensSiPassintegrated文件读...,高,818,2017-07-13
LynxspringJENEsysBASBridge权...,高,1990,2016-11-17
施耐德140NOE77101以太网模块存在...,中,2702,2016-11-14
OSIsoftPISystem本地拒绝服务漏...,中,759,2016-11-10
PhoenixContactILC信息泄露漏洞...,高,1953,2016-11-10
PhoenixContactILC身份验证绕过...,高,1933,2016-11-10
Auto-MatrixAspect-Nexus和Aspe...,高,1719,2016-10-10
Auto-MatrixAspect-Nexus和Aspe...,高,1732,2016-10-10
BeckhoffEmbeddedPC图像和Auto...,高,1741,2016-10-10
BeckhoffEmbeddedPC图像和Auto...,高,1766,2016-10-10
INDASWebSCADA目录遍历漏洞,中,1746,2016-10-08
HPNetworkAutomation本地安全绕...,中,1807,2016-10-08
CiscoIOSCommonIndustrialPr...,高,1827,2016-09-29
SiemensSINEMAServer权限提升漏...,高,1795,2016-08-03
RockwellAutomationFactoryTal...,高,1749,2016-08-02
EMN智能网管系统存在SQL注入漏洞,高,1913,2016-07-29
RockwellAutomationFactoryTal...,高,2260,2016-07-28
农业物联网感知平台系统存在SQL注...,高,1891,2016-07-26
SiemensSIMATICWinCC存在文件包...,高,2132,2016-07-25
SiemensSIMATICWinCC/PCS7/Wi...,高,2161,2016-07-25
SiemensSIMATICNETPCSoftware...,中,2045,2016-07-25
SchneiderElectricUnityPRO远...,高,1918,2016-10-31
SiemensSICAMRTU设备存在拒绝服...,高,1885,2016-10-24
KabonaABWDC开放重定向漏洞（C...,中,1791,2016-10-19
KabonaABWDC暴力破解漏洞,中,1766,2016-10-19
HMI/SCADA软件webaccess7.2/8.0/...,低,2135,2016-10-18
KabonaABWDC开放重定向漏洞,中,1768,2016-10-18
CitrixLicenseServerforWind...,中,667,2016-10-14
SiemensSIMATICSTEP7存在信息...,低,1828,2016-10-13
HPELoadRunner和PerformanceCe...,高,1982,2016-06-05
HPELoadRunner和PerformanceCe...,高,1906,2016-06-05
HPELoadRunner和PerformanceCe...,高,1941,2016-06-05
ABBPCM600凭证保护漏洞（CNVD-2...,低,3227,2016-06-01
ABBPCM600密码哈希漏洞,低,3300,2016-06-01
ABBPCM600凭证保护漏洞（CNVD-2...,低,3256,2016-06-01
ABBPCM600凭证保护漏洞,低,3294,2016-06-01
WAGOIOPLC存在多个漏洞,高,1950,2016-07-19
WAGOIOPLC存在多个漏洞（CNVD-...,高,2021,2016-07-19
GEProficyHMISCADACIMPLICIT...,高,2901,2016-07-15
WECONLeviStudio栈缓冲区溢出漏...,中,3064,2016-07-12
RexrothBoschBLADEcontrol跨站...,中,3711,2016-07-06
RexrothBoschBLADEcontrol-Web...,中,3594,2016-07-06
SierraWirelessAirLinkRaven...,中,2954,2016-07-06
SierraWirelessAirLinkRaven...,中,2869,2016-07-06
SierraWirelessAirLinkRaven...,中,2829,2016-07-06
SiemensSICAMPAS信息泄露漏洞（...,中,1963,2016-07-01
SiemensSICAMPAS信息泄露漏洞,中,1977,2016-07-01
UnitronicsVisiLogicOPLCIDE栈...,高,3265,2016-06-24
BINOM3ElectricPowerQuality...,高,1726,2016-09-26
MoxaActiveOPCServer本地路径...,高,1633,2016-09-26
HPNetworkAutomationJavaDes...,高,1786,2016-09-23
施耐德140NOE77101以太网模块IP协...,高,2154,2016-09-21
ABBDataManagerProDLL本地代码...,高,1818,2016-09-19
多款RockwellAutomation产品缓冲...,高,1904,2016-09-19
SiemensSIMATICSTEP7存在信息...,低,1850,2016-10-13
OMRONCP1W-C1F41模块HTTP服务存...,高,3290,2016-05-04
EcavaIntegraXor跨站脚本漏洞（...,中,3361,2016-04-18
EcavaIntegraXor传输未加密漏洞,中,3379,2016-04-18
EcavaIntegraXor信息泄露漏洞（...,高,3302,2016-04-18
EcavaIntegraXorHMI权限绕过漏...,中,3374,2016-04-18
EcavaIntegraXor信息泄露漏洞,中,3308,2016-04-18
EcavaIntegraXor权限绕过漏洞,中,3417,2016-04-18
EcavaIntegraXorSQL注入漏洞,中,3586,2016-04-18
多款HoneywellUniformanceProc...,高,3380,2016-04-15
ESC8832未授权访问漏洞,高,5247,2016-05-27
ESC8832未授权操作漏洞,高,3597,2016-05-27
SiemensSIPROTEC4andSIPROT...,中,2133,2016-05-20
SiemensSIPROTEC4andSIPROTE...,中,2145,2016-05-20
多款MeteocontrolWEB'log产品跨...,中,3514,2016-05-18
MeteocontrolWEB'log信息泄露漏...,中,3161,2016-05-16
MeteocontrolWEB'log任意命令执...,高,3175,2016-05-16
MeteocontrolWEB'log信息泄露漏...,中,3181,2016-05-16
PanasonicFPWINPro缓冲区溢出漏...,中,3143,2016-05-13
AdvantechWebAccess任意代码执行...,中,3131,2016-06-23
AdvantechWebAccess缓冲区溢出漏...,中,3047,2016-06-22
OSIsoftPIAFServer拒绝服务漏...,中,1759,2016-06-20
TrihedralVTScada授权问题漏洞,中,3137,2016-06-13
TrihedralVTScada缓冲区溢出漏洞...,中,3157,2016-06-13
TrihedralVTScada目录遍历漏洞,中,3156,2016-06-13
SiemensS7300/400PLC存在权限绕...,高,2121,2016-06-13
SiemensSIMATICS7-300CPU拒绝...,高,3643,2016-06-12
SchneiderElectricTSXP572634M...,高,2074,2016-09-19
HPEPerformanceCenter远程安全...,高,717,2016-09-18
施耐德PLC67160IP分片语法存在...,高,2023,2016-09-14
腾控T-920型号PLCIP分片语法拒绝...,高,2007,2016-09-14
AB1769PLCARP语法拒绝服务漏洞...,高,2036,2016-09-12
SiemensSIPROTEC4/SIPROTECCo...,中,893,2016-09-06
SiemensSIPROTEC4/SIPROTECCo...,中,877,2016-09-06
EcavaIntegraXor远程代码执行漏...,高,3335,2016-04-15
Pro-faceGP-ProEX安全绕过漏洞,中,3441,2016-04-10
Pro-faceGP-ProEX拒绝服务漏洞,中,3497,2016-04-07
Pro-faceGP-ProEX堆缓冲区溢出...,中,3457,2016-04-06
Pro-faceGP-ProEX栈缓冲区溢出...,中,3402,2016-04-06
Pro-faceGP-ProEX认证绕过漏洞,中,4047,2016-04-06
RockwellAutomationIntegrated...,中,3527,2016-04-06
ICONICSWebHMI目录遍历漏洞,中,3449,2016-04-04
CogentReal-TimeSystemsCogen...,高,3820,2016-03-25
ABBPanelBuilder800DLL处理漏...,中,3662,2016-03-20
PanasonicFPWINPro缓冲区溢出漏...,中,3128,2016-05-13
PanasonicFPWINPro缓冲区溢出漏...,中,3125,2016-05-13
PanasonicFPWINPro缓冲区溢出漏...,中,3161,2016-05-13
三菱FX3GPLC拒绝服务漏洞,中,3191,2016-05-12
AdvantechWebAccess信息泄露漏洞...,中,3770,2016-01-21
AdvantechWebAccess目录遍历漏洞...,中,3521,2016-01-21
AdvantechWebAccess栈缓冲区溢出...,高,3568,2016-01-21
AdvantechWebAccess缓冲区溢出漏...,高,3625,2016-01-21
AdvantechWebAccess竞争条件漏洞...,高,3659,2016-01-21
AdvantechWebAccess整数溢出漏洞...,高,3716,2016-01-21
SiemensOZW672和OZW772跨站脚本...,中,3141,2016-01-20
CambiumNetworksePMP1000身份...,中,1553,2015-12-16
多款SaiaBurgessControls产品P...,高,2729,2015-12-02
SiemensSIMATIC通信机模块信息泄...,高,3302,2015-11-30
EatonForm6control和Idea/Ide...,中,1373,2015-11-26
ExemysTelemetryWebServer认证...,高,2962,2015-11-19
UnitronicsVisiLogicOPLCIDE代...,高,3028,2015-11-17
Yokogawa多个产品栈缓冲区溢出漏...,高,3063,2015-09-15
Yokogawa多个产品栈缓冲区溢出漏...,高,2307,2015-09-15
Yokogawa多个产品栈缓冲区溢出漏...,高,3170,2015-09-15
AdvantechWebAccess缓冲区溢出漏...,高,2888,2015-09-10
SchneiderElectricModiconPLC...,低,2928,2015-09-07
SchneiderElectricModiconPLC...,低,2715,2015-09-07
SiemensSIMATICS7-1200CPU设备...,中,3147,2015-09-01
多款TIBCO产品缓冲区溢出漏洞,高,1618,2015-09-01
SchneiderElectricModiconM34...,高,3500,2015-08-31
RockwellAutomation1766-L32S...,中,2422,2015-08-24
RockwellAutomation1769-L18ER...,中,2308,2015-08-24
InfiniteAutomationMangoAuto...,中,2267,2015-10-30
SiemensRUGGEDCOMROS信息泄露漏...,低,944,2015-10-29
IniNetSolutionsSCADAWebSer...,中,2235,2015-10-26
IniNetSolutionsSCADAWebSer...,高,2199,2015-10-26
3SCODESYSGateway空指针异常漏...,中,2234,2015-10-26
IniNetSolutionsSCADAWebSer...,中,2728,2015-10-26
NordexNC2存在多个跨站脚本漏洞,中,2814,2015-10-21
3SCODESYSRuntimeToolkit空指...,中,2301,2015-10-21
MitsubishiElectricMELSECFX3...,高,2663,2015-10-10
SchneiderElectricInduSoftWe...,高,2623,2015-10-08
SiemensSIMATICS7-1200CPU权限...,中,4136,2016-03-15
AdvantechWebAccess文件上传漏洞...,高,4109,2016-01-20
AdvantechWebAccess缓冲区溢出漏...,高,4030,2016-01-20
RockwellAutomationMicroLogix...,中,3535,2016-01-12
ProfaceGP-ProEX栈缓冲区溢出远...,中,24660,2016-01-12
ProfaceGP-ProEX越界读信息泄露...,中,24682,2016-01-12
ProfaceGP-ProEXD-Script堆缓...,中,24783,2016-01-12
UnitronicsVisiLogicOPLCIDE缓...,高,4231,2016-01-08
PacomRTU/1000CCU/EMCS加密弱口...,中,3043,2015-12-24
SchneiderElectricModiconM34...,高,3317,2015-12-23
UnitronicsVisiLogicOPLCIDE任...,中,2384,2015-11-17
SiemensAPOGEEInsightDatabas...,中,3175,2015-11-10
SDGTechnologiesPlug和PlaySC...,中,2680,2015-11-02
Allen-BradleyMicroLogixSQL注...,中,2125,2015-10-30
Allen-BradleyMicroLogix跨站脚...,中,2333,2015-10-30
Allen-BradleyMicroLogix堆栈缓...,高,2100,2015-10-30
Allen-BradleyMicroLogix任意文...,中,2288,2015-10-30
Allen-BradleyMicroLogix拒绝服...,高,2130,2015-10-30
InfiniteAutomationMangoAuto...,中,2093,2015-10-30
InfiniteAutomationMangoAuto...,低,2758,2015-10-30
InfiniteAutomationMangoAuto...,中,2094,2015-10-30
OSIsoftPIDataArchive存在多个...,高,1210,2015-08-24
KAKOHMI硬编码密码安全绕过漏洞,中,2424,2015-08-24
KohaSQL注入漏洞,高,2671,2015-08-11
Koha目录遍历漏洞,中,2469,2015-08-11
KohaHTML注入漏洞,中,2370,2015-08-11
Koha跨站脚本漏洞,中,2313,2015-08-11
Koha跨站请求伪造漏洞,中,2445,2015-08-11
SchneiderElectricInduSoft密码...,中,3373,2015-08-03
SiemensSIMATICWinCCSm@rtCli...,低,2209,2015-07-24
SchneiderElectricInduSoftWe...,高,2454,2015-10-08
ResourceDataManagement权限提...,中,2980,2015-09-28
IBCSolarServeMaster跨站脚本漏...,中,2992,2015-09-28
ResourceDataManagement跨站请...,中,2113,2015-09-28
IBCSolarServeMaster源码漏洞,中,2931,2015-09-28
IBCSolarServeMaster纯文本密码...,中,2097,2015-09-28
WindRiverVxWorks整数溢出漏洞,中,3262,2015-09-23
SiemensSICAMMIC身份验证绕过漏...,高,2235,2015-07-21
SiemensSIPROTEC4拒绝服务漏洞,高,1174,2015-07-20
PACTware拒绝服务漏洞,低,2239,2015-07-02
WindRiverVXWorksTCP可预测漏...,中,2505,2015-06-23
RLENova-WindTurbineHMI不安全...,高,2138,2015-06-16
BeckhoffIPCDiagnostics任意用...,高,2391,2015-06-10
IDSRTU850Series目录遍历漏洞,高,2357,2015-06-04
RockwellAutomationRSView32信...,中,2820,2015-06-02
InfilinkHMI存在未明远程拒绝服...,中,2434,2015-05-21
PeakHMIHMI存在未明远程拒绝服务...,中,2663,2015-05-21
RockwellAutomationRSLinxCla...,中,1403,2015-05-12
HPLoadRunnerandPerformance...,中,1385,2015-05-12
MotorolaSolutionsMOSCADSCAD...,高,2505,2015-12-23
MotorolaSolutionsMOSCADSCAD...,高,2928,2015-12-23
WindRiverVxWorks整数溢出漏洞...,高,3070,2015-12-21
CambiumNetworksePMP100...,高,2219,2015-12-17
InfiniteAutomationMangoAuto...,中,2445,2015-10-30
InfiniteAutomationMangoAuto...,中,2180,2015-10-30
InfiniteAutomationMangoAuto...,中,2338,2015-10-30
AdvantechWebAccess堆缓冲区溢出...,中,3557,2015-09-22
3S-SmartSoftwareSolutionsCO...,高,3330,2015-09-22
HuaweiUAP2105命令注入漏洞,高,3194,2015-09-21
InductiveAutomationIgnition信...,中,3000,2015-04-02
InductiveAutomationIgnition信...,中,3060,2015-04-02
InductiveAutomationIgnition跨...,中,2968,2015-04-02
EcavaIntegraXorDLL漏洞,中,2973,2015-04-01
SchneiderElectricInduSoftWe...,低,3317,2015-03-30
SchneiderElectricInduSoftWe...,中,3652,2015-03-30
SchneiderElectricInduSoftWe...,低,3305,2015-03-30
SchneiderElectricInduSoftWe...,低,3284,2015-03-30
多个RockwellAutomation产品DLL...,中,2758,2015-03-26
HPNetworkAutomation存在多个漏...,中,3233,2015-04-27
ElipseSCADADLL劫持漏洞,中,3041,2015-04-10
SiemensSIMATIC和SIMATICWinCC...,中,3086,2015-04-09
SiemensSIMATIC和SIMATICWinCC...,中,3030,2015-04-09
SchneiderElectricVAMPSET缓冲...,中,1916,2015-04-07
InductiveAutomationIgnition暴...,高,3182,2015-04-02
InductiveAutomationIgnition安...,中,3011,2015-04-02
InductiveAutomationIgnition无...,中,3029,2015-04-02
SiemensSCALANCEX-200IRTWeb服...,中,3271,2015-02-03
ClearSCADA'dbserver.exe'远程验...,中,2779,2015-02-02
InfiniteAutomationSystemsMa...,中,2937,2015-01-28
SiemensSIMATICS7-1200打开重定...,中,3006,2015-01-22
SchneiderElectricETG3000Fac...,高,2856,2015-01-22
SchneiderElectricETG3000Fac...,中,2587,2015-01-22
SchneiderElectricETG3000Fac...,中,2661,2015-01-22
GEProficyHMI/SCADA-CIMPLICIT...,中,3066,2015-01-20
CloriusControlsA/SJavaWeb客...,高,2388,2015-01-16
SiemensSIMATICWinCCSm@rtCli...,中,2521,2015-01-15
SiemensSIMATICWinCCSm@rtCli...,中,2517,2015-01-15
SiemensSIMATICWinCCSm@rtCli...,中,2507,2015-01-15
HoneywellXLWebController目录...,高,3016,2015-03-19
CimonCmnViewDLL劫持漏洞,中,2935,2015-03-18
Siemens多款产品存在搜索路径漏洞...,中,3616,2015-03-12
SiemensSIMATIC拒绝服务漏洞（C...,高,2826,2015-03-12
MICROSYSPROMOTIC缓冲区溢出漏洞...,高,2484,2015-03-09
SiemensSIMATICWinCCTIAPort...,中,2187,2015-02-25
SiemensSIMATICSTEP7安全绕过...,中,2481,2015-02-25
Koha存在多个跨站脚本漏洞,中,2169,2014-12-30
HoneywellExperionPKS文件包含...,中,2345,2014-12-24
HoneywellExperionPKS'confd....,中,2260,2014-12-24
HoneywellExperionPKS存在多个...,高,2240,2014-12-24
HoneywellExperionPKS'dual_o...,高,2225,2014-12-24
HoneywellExperionPKS存在多个...,高,2217,2014-12-24
TrihedralVTScada畸形请求拒绝服...,高,2329,2014-12-11
多个EmersonProcessManagement...,中,2318,2014-12-04
SiemensSIMATICSTEP7TIAPor...,低,2666,2015-02-25
SiemensSIMATICSTEP7敏感信息...,低,2413,2015-02-25
SiemensSIMATICSTEP7TIAPor...,中,2451,2015-02-25
AdvantechEKI-1200Series存在未...,高,2324,2015-02-13
HPNetworkAutomation存在多个漏...,高,3664,2016-03-08
HPNetworkAutomation存在多个漏...,高,3437,2016-03-08
MoxaioLogikE2200和ioAdminCo...,中,4636,2016-03-07
MoxaioLogikE2200和ioAdminCo...,中,3369,2016-03-07
RockwellAutomationAllen-Brad...,中,3877,2016-03-03
SiemensSIMATICS7-1500绕过机制...,低,3582,2016-02-15
SiemensSIMATICS7-1500拒绝服务...,高,3665,2016-02-15
SautermoduWebVisionWeb服务器...,中,3461,2016-02-14
SautermoduWebVision安全绕过漏...,中,3410,2016-02-14
SautermoduWebVision证书不安全...,中,3363,2016-02-14
WestermoIndustrialswitches硬...,中,4026,2016-01-31
RockwellAutomationMicroLogix...,高,4502,2016-01-28
MICROSYSPROMOTIC堆缓冲区溢出漏...,高,3962,2016-01-28
AdvantechWebAccess信息泄露漏洞...,中,3632,2016-01-21
AdvantechWebAccessSQL注入漏洞...,中,3602,2016-01-21
EcavaIntegraxorSCADAServer...,高,3239,2014-09-15
EcavaIntegraxorSCADAServer信...,中,3192,2014-09-15
AdvantechWebAccess缓冲区溢出漏...,高,3102,2014-09-03
AdvantechWebAccess缓冲区溢出漏...,高,3135,2014-09-03
AdvantechWebAccess缓冲区溢出漏...,高,3238,2014-09-03
AdvantechWebAccess缓冲区溢出漏...,高,2997,2014-09-03
SubSTATIONServer存在多个缓冲区...,高,2029,2014-08-07
OmronNSseriesHMITerminals跨...,中,2048,2014-07-30
OmronNSseriesHMITerminals...,低,2049,2014-07-30
Siemens多款产品本地权限提升漏洞...,高,2264,2014-07-28
SiemensSIMATICWinCC和PCS7We...,中,2331,2014-07-25
SiemensSIMATICWinCC和PCS7权限...,中,2281,2014-07-25
Siemens多款产品数据库服务器远程...,中,2343,2014-07-25
SiemensSIMATIC多个产品远程权限...,中,2302,2014-07-25
AdvantechWebAccessbwocxrun不...,高,2247,2014-07-23
AdvantechWebAccess远程验证绕过...,高,2219,2014-07-23
AdvantechWebAccess密码泄露漏洞...,高,2166,2014-07-23
AdvantechWebAccess多个ActiveX...,高,2115,2014-07-23
AdvantechWebAccess远程代码执行...,中,2171,2014-07-21
SCADADataGatewayIP链接设备远...,中,2034,2014-06-04
SCADADataGateway串口链接设备...,低,2060,2014-06-04
CogentReal-TimeSystemsDataH...,中,2039,2014-06-03
CogentReal-TimeSystemsCogen...,高,2071,2014-05-27
EmersonDeltaV硬编码证书安全绕...,低,2232,2014-05-26
EmersonDeltaV'\DeltaV'目录授...,中,2142,2014-05-26
CogentReal-TimeSystemsDataH...,高,2090,2014-05-20
CSWorksLiveDataServiceWebA...,高,2071,2014-05-20
ABBUNITROL1000SeriesCommis...,中,2128,2014-05-06
InduSoftWebStudioNTWebServe...,高,2654,2014-04-28
SiemensSIMATICS7-1200HTTP头...,中,2332,2014-04-25
SiemensSIMATICS7-1200跨站脚本...,中,2330,2014-04-25
SixnetSixViewManager目录遍历...,中,2157,2014-04-24
ProgeaMovicon信息泄露漏洞,中,2097,2014-04-18
SiemensSINEMAServer存在未明路...,中,2383,2014-04-16
SiemensSINEMAServer存在未明远...,高,2628,2014-04-16
AdvantechWebAccess跨站请求伪造...,中,3506,2016-01-21
AdvantechWebAccess跨站脚本漏洞...,低,3484,2016-01-21
AdvantechWebAccess拒绝服务漏洞...,中,3611,2016-01-21
AdvantechWebAccess任意代码执行...,高,3733,2016-01-21
AdvantechWebAccess安全限制绕过...,中,3479,2016-01-21
AdvantechWebAccess缓冲区溢出漏...,高,3233,2014-09-03
AdvantechWebAccess缓冲区溢出漏...,高,2759,2014-09-03
AdvantechWebAccess缓冲区溢出漏...,高,3220,2014-09-03
AdvantechWebAccess缓冲区溢出漏...,高,3371,2014-09-03
CogentDataHub远程目录遍历漏洞,中,2184,2014-08-28
MicrosysPROMOTIC存在未明漏洞,中,2087,2014-08-28
ePAQ-9410SubstationGatewayS...,中,2493,2014-08-28
ePAQ-9410SubstationGatewayS...,低,2063,2014-08-28
InvensysWonderwareInformatio...,高,2173,2014-08-27
InvensysWonderwareInformatio...,低,2139,2014-08-27
Yokogawa多个产品'BKFSim_vhfd.e...,高,2275,2014-07-10
ParallelsPleskPanelXML外部实...,中,2779,2014-06-18
多个CCOPA-DATAZenon产品拒绝服...,高,2235,2014-06-12
多个COPA-DATAZenon产品本地拒绝...,中,2073,2014-06-12
TriangleMicroWorksSCADAData...,中,2120,2014-06-09
CogentReal-TimeSystemsDataH...,高,2024,2014-06-04
CogentReal-TimeSystemsDataH...,高,2024,2014-06-04
SiemensSINEMAServer特制HTTP请...,中,2610,2014-04-16
IOServer越界读取漏洞,高,2233,2014-04-11
AdvantechWebAccessGotoCmd参数...,高,2220,2014-04-10
AdvantechWebAccessbwocxrun.o...,中,2306,2014-04-10
InvensysWonderwareInformatio...,高,2266,2014-08-27
InvensysWonderwareInformatio...,低,2128,2014-08-27
WAGOI/OSystemCODESYSWebVis...,中,2087,2014-08-25
SiemensSIMATICS7-1500拒绝服务...,高,2324,2014-08-18
AdvantechWebAccessbwocxrun.o...,高,2303,2014-04-10
AdvantechWebAccessbwocxrun.o...,中,2118,2014-04-10
AdvantechWebAccessNodeName参...,高,2133,2014-04-10
AdvantechWebAccessNodeName参...,高,2122,2014-04-10
AdvantechWebAccessuserName参...,高,2175,2014-04-10
AdvantechWebAccessAccessCode...,高,2501,2014-04-10
AdvantechWebAccessodeName2参...,高,2084,2014-04-10
AdvantechWebAccessDBVisitor....,高,2083,2014-04-10
YokogawaFAST/TOOLSXML外部实体...,低,2112,2014-12-02
SiemensSIMATICWinCC/PCS7任意...,高,2311,2014-11-28
SiemensSIMATICWinCC/PCS7目录...,高,2346,2014-11-28
MatrikonOPCDNP3OPCServer拒绝...,中,2181,2014-11-27
Wibu-SystemsCodeMeter本地权限...,高,642,2014-11-25
AdvantechWebAccess栈缓冲区溢出...,高,2195,2014-11-20
RockwellAutomationConnected...,高,2391,2014-11-14
softingFG-100PBPROFIBUS未授...,中,2068,2014-11-06
SoftingFG-100PBPROFIBUS'DE...,中,2070,2014-11-06
多个ABB产品本地代码执行漏洞,高,2194,2014-11-06
SiemensSIMATICS7-1500拒绝服务...,高,2241,2014-03-14
SiemensSIMATICS7-1500拒绝服务...,高,2329,2014-03-14
SiemensSIMATICS7-1500拒绝服务...,高,2266,2014-03-14
SiemensSIMATICS7-1500拒绝服务...,中,2222,2014-03-14
SiemensSIMATICS7-1500不充分熵...,高,2152,2014-03-14
SiemensSIMATICS7-1500存在未明...,中,2244,2014-03-14
SiemensSIMATICS7-1500重定向漏...,中,2121,2014-03-14
WellinTechKingSCADA栈缓冲区溢...,高,2095,2014-04-10
多个SchneiderElectric产品堆缓...,高,2254,2014-04-08
VMwareWorkstation/Playervm...,中,2281,2014-04-03
EcavaIntegraXor账户信息泄露漏...,中,2123,2014-04-02
RuggedComRuggedOperatingSys...,中,2292,2014-04-01
SiemensSIMATICS7-1200拒绝服务...,中,2719,2014-03-21
SiemensSIMATICS7-1200拒绝服务...,中,2222,2014-03-21
SiemensSIMATICS7-1200拒绝服务...,中,2360,2014-03-21
SiemensSIMATICS7-1200信息泄露...,中,2263,2014-03-21
SiemensSIMATICS7-1200拒绝服务...,中,2458,2014-03-21
CenturyStarActiveX(CamW2000....,高,2149,2014-03-19
YokogawaCENTUMCS缓冲区溢出漏...,中,2222,2014-03-17
NordexNC2'username'参数跨站脚...,中,1992,2014-11-05
IOServer越界读取拒绝服务漏洞,高,2171,2014-10-20
HPNetworkAutomati安全绕过漏洞...,高,2152,2014-10-13
RockwellMicrologix1400DNP3拒...,高,2400,2014-10-08
WS10DataServerSCADA缓冲区溢...,中,2099,2014-09-26
SchneiderElectricClearSCADA跨...,低,2319,2014-09-19
SchneiderElectricClearSCADA存...,中,2090,2014-09-19
SchneiderElectricClearSCADA远...,中,2056,2014-09-18
SchneiderElectricVAMPSET本地...,中,1013,2014-09-15
EcavaIntegraxorSCADAServer任...,高,3195,2014-09-15
多个GeneralElectric产品shell上...,中,2326,2014-01-28
多个GeneralElectric产品'gefeb...,高,2268,2014-01-27
EcavaIntegraXor缓冲区溢出漏洞,高,2297,2014-01-17
多个WellinTech产品ActiveX远程代...,高,2376,2014-01-16
多个WellinTech产品ActiveX远程信...,中,2233,2014-01-16
SchneiderElectricClearSCADA...,中,2297,2014-01-16
EcavaIntegraXorSCADA服务器任...,中,2378,2014-01-10
Nano-10PLC远程拒绝服务漏洞（C...,中,2217,2013-12-27
SiemensSIMATICS7-1500HTML注...,中,2061,2014-03-14
SiemensSIMATICS7-1500存在未明...,中,2174,2014-03-14
IconicsGENESIS32ActiveXCont...,高,2260,2014-02-24
SchneiderElectricClearSCADA存...,中,2241,2014-02-17
SchneiderElectricSCADAPackV...,中,2342,2014-02-14
MicrosysPROMOTICActiveX(PmT...,低,2216,2014-02-14
CenturyStarActiveX(CamW2000....,高,2678,2014-02-14
RockwellAutomationRSLogix50...,中,2268,2014-02-12
3SCoDeSysRuntimeToolkit空指...,高,2201,2014-02-12
SiemensSIMATICWinCCOpenArc...,中,2321,2014-02-11
SIEMENSSIMATICWinCCOpenArc...,高,2394,2014-02-11
SIEMENSSIMATICWinCCOpenArc...,中,2252,2014-02-11
NovaTechOrionSubstationAuto...,中,2137,2013-12-20
NovaTechOrionSubstationAuto...,高,1997,2013-12-20
GeneralElectric(GE)Proficy...,高,2187,2013-12-20
GeneralElectric(GE)Proficy...,高,2114,2013-12-20
EcavaIntegraXor项目目录信息泄...,中,2050,2013-12-17
SchneiderElectricModiconM34...,中,2143,2013-12-10
RuggedComRuggedOperatingSys...,高,2107,2013-12-10
RuggedComRuggedOperatingSys...,高,2107,2013-12-10
SiemensSINAMICSS/G安全绕过漏...,高,2199,2013-12-06
SIEMENSSIMATICWinCC拒绝服务漏...,中,2244,2014-02-11
Alstome-terracontrolDNPMast...,中,1949,2013-12-03
GEProficyHMI/SCADA-iFIX'TCP...,高,2337,2013-12-02
GEProficyHMI/SCADA-iFIX不安全...,中,2398,2013-12-02
InvensysWonderwareInformatio...,高,2101,2013-05-09
GalilRIO-47100'PocketPLC'组...,高,1981,2013-05-02
SiemensSIMATICS7-1200PLCs2...,高,2456,2013-04-24
SchneiderElectricMagelisXBT...,中,2121,2013-04-15
InvensysWonderwareWin-XMLEx...,中,2050,2013-04-12
SchneiderElectric多个产品不正...,高,2225,2013-04-09
SchneiderElectric多个产品跨站...,高,2205,2013-04-09
CogentReal-TimeSystemsDataH...,高,2181,2013-04-08
CogentReal-TimeSystemsDataH...,高,2082,2013-04-08
CogentReal-TimeSystemsDataH...,高,2094,2013-04-08
CogentReal-TimeSystemsDataH...,高,2034,2013-04-08
SchneiderElectricM340PLC模块...,中,2151,2013-04-08
SchneiderElectricMagelisXBT...,高,2063,2013-04-08
SchneiderElectricM340BMXNOE...,中,2118,2013-04-08
RSLinxEnterprise'Logger.dll'...,高,2154,2013-04-08
RSLinxEnterprise'Logger.dll'...,高,2122,2013-04-08
CloriusControlsICSSCADA信息...,中,2078,2013-04-03
SiemensCP1616和CP1604访问安...,高,2470,2013-03-27
VxWorksWebCLI远程拒绝服务漏洞...,中,2515,2013-03-26
SiemensSIMATICWinCC和PCS7存...,高,2703,2013-03-25
SiemensSIMATICWinCCTIAPort...,中,2447,2013-03-25
SiemensWinCCCCEServer缓冲区溢...,中,2504,2013-03-25
SiemensWinCCRegReaderActive...,中,2420,2013-03-25
VxWorksWeb服务器拒绝服务漏洞,中,2269,2013-03-22
VxWorksWebCLI拒绝服务漏洞,中,2337,2013-03-22
VxWorksSSHserver(IPSSH)拒绝...,高,2819,2013-03-22
VxWorksSSHserver(IPSSH)拒绝...,中,2191,2013-03-22
多个EmersonProcessManagement...,高,2136,2013-09-27
EmersonROC800远程终端单元远程...,高,2099,2013-09-27
多个EmersonProcessManagement...,高,2093,2013-09-27
多个EmersonProcessManagement...,高,2062,2013-09-27
ClearSCADAWeb请求处理远程拒绝...,中,2270,2013-09-26
WellinTechKingViewActiveX存在...,高,2169,2013-09-18
MitsubishiMC-WorX'IcoLaunch....,高,2146,2013-09-17
SiemensSCALANCEX-200系列交换...,高,2291,2013-09-13
CogentDataHub存在未明任意文件...,中,2062,2013-09-11
CogentDataHub远程拒绝服务漏洞...,中,1997,2013-09-11
CogentDataHub远程拒绝服务漏洞...,中,2021,2013-09-11
VxWorksSSHserver(IPSSH)拒绝...,中,2270,2013-03-22
VxWorksSSHserver(IPSSH)拒绝...,高,2173,2013-03-22
EmersonDeltaV拒绝服务漏洞,中,2266,2013-03-08
CoDeSys'GatewayServer'不正确...,高,2106,2013-02-21
CoDeSys'GatewayServer'不正确...,高,2090,2013-02-21
CoDeSys'GatewayServer'栈缓冲...,高,2121,2013-02-21
CoDeSys'GatewayServer'目录遍...,高,2064,2013-02-21
CoDeSys'GatewayServer'堆缓冲...,高,2038,2013-02-21
SchneiderElectricEthernetMo...,低,2231,2013-02-20
WellinTechKingView内存破坏漏洞...,高,2206,2013-02-19
D-LinkDCSCameras验证绕过漏洞,中,2977,2013-01-31
GEProficyCIMPLICITY目录遍历漏...,中,2119,2013-01-23
GEProficyCIMPLICITY命令执行漏...,高,2214,2013-01-23
SUBNETSolutionsSubSTATIONSe...,高,777,2013-09-11
SixnetUniversalProtocolUndo...,高,2143,2013-08-22
SchweitzerEngineeringLaborat...,中,2066,2013-08-12
SchweitzerEngineeringLaborat...,高,2115,2013-08-12
NationalInstrumentsLookoutA...,高,2009,2013-08-07
NationalInstruments多个产品cw...,高,2171,2013-08-07
多个IOServerDrivers拒绝服务漏...,高,2192,2013-08-05
SiemensSIMATICWinCCTIAPort...,中,2501,2013-08-01
SiemensSIMATICWinCCTIAPort...,中,2363,2013-08-01
多个GEProficy产品以太网接口远...,中,2163,2013-12-02
GEProficyHMI/SCADA-iFIX'TCP...,中,2223,2013-12-02
GEProficyMachineEdition'Tr...,高,2084,2013-12-02
ABBTestSignalViewerCWGraph...,高,2192,2013-11-26
ABBRobotWareCWGraph3DActive...,高,2475,2013-11-26
ABBMicroSCADA栈破坏远程代码执...,高,2215,2013-11-26
ABBMicroSCADA'wserver.exe'远...,高,2299,2013-11-26
CatapultSoftwareDNP3Driver...,高,1980,2013-11-21
CatapultSoftwareDNP3Driver本...,中,1999,2013-11-21
CogentDataHub拒绝服务漏洞,中,2068,2013-10-30
Nano-10PLC远程拒绝服务漏洞,高,2068,2013-10-23
InduSoftThinClient'novapi7....,高,2097,2013-10-16
Alstome-TerracontrolDNP3Mas...,高,2091,2013-10-11
SIEMENSSIMATICS7PLC系统密码...,中,2474,2013-01-21
SchneiderElectricInteractive...,高,2300,2013-01-21
SPECVIEW目录遍历漏洞,中,2038,2013-01-21
SiemensSIMATICRFManagerAct...,中,2642,2013-01-15
RockwellAutomationControlLog...,高,2331,2013-01-15
RockwellAutomationControlLog...,高,2327,2013-01-15
CoDeSys验证绕过漏洞,高,2084,2013-01-15
RockwellAutomationControlLog...,高,2399,2013-01-15
RockwellAutomationControlLog...,中,2241,2013-01-15
CoDeSys目录遍历漏洞,中,2099,2013-01-15
RockwellAutomationControlLog...,高,2351,2013-01-15
RockwellAutomationControlLog...,高,2381,2013-01-15
RockwellAutomationControlLog...,高,2400,2013-01-15
SiemensAutomationLicenseMan...,中,2225,2012-12-18
SiemensProcessSuite/Invensys...,中,2264,2012-12-14
RockwellAutomationController...,中,2159,2012-12-10
CoDeSysControl服务CmbWebserve...,中,2222,2012-12-03
SINAPSIeSolarLightPhotovolt...,高,2315,2012-11-22
SINAPSIeSolarLightPhotovolt...,高,2294,2012-11-22
SINAPSIeSolarLightPhotovolt...,高,2205,2012-11-22
SINAPSIeSolarLightPhotovolt...,高,2276,2012-11-22
亚控公司KingMess存在内存破坏漏...,高,2837,2012-11-20
ParallelsPleskPanel存在未明漏...,中,2342,2012-11-08
C3-ilexEOScada资源管理错误漏洞...,高,1968,2012-11-06
C3-ilexEOScada数据泄露漏洞,中,1990,2012-11-06
C3-ilexEOScada资源管理错误拒绝...,高,1942,2012-11-06
C3-ilexEOScada访问控制漏洞,中,1991,2012-11-06
CoDeSys存在未明访问控制漏洞,中,2137,2012-10-29
WiresharkPROFINETReal-Time解...,中,1353,2013-07-30
GEProficyCIMPLICITY'CimWebS...,中,2123,2013-07-30
CogentReal-TimeSystemsDataH...,高,2154,2013-07-30
TriangleResearchNano-10PLC特...,高,2159,2013-07-09
RockwellAutomationRSLinxEnt...,中,2210,2013-07-09
RockwellAutomationRSLinxEnt...,中,2304,2013-07-09
AlstomGrid多个产品本地访问绕过...,中,950,2013-07-05
SiemensSIMATICWinCC/PCS7用户...,中,2533,2013-06-18
SiemensSIMATICWinCC/PCS7SQ...,高,2569,2013-06-18
SiemensSIMATICWinCC/PCS7硬编...,高,2457,2013-06-18
IOServerDNP3协议TCP报文处理拒...,高,2091,2013-06-13
ParallelsPleskPanel任意PHP代...,高,2551,2013-06-06
RSLinxEnterprise'LogReceiver...,高,2019,2013-10-10
RSLinxEnterprise'LogReceiver...,高,2045,2013-10-10
RSLinxEnterprise'LogReceiver...,高,2050,2013-10-10
RuggedComRuggedOperatingSys...,中,2092,2013-10-08
SiemensSCALANCEX-200交换机WE...,高,2215,2013-10-08
TriangleResearchNano-10PLC特...,中,1967,2013-10-08
InvensysWonderwareInTouchXM...,中,1963,2013-09-27
RockwellAutomationControlLog...,高,2341,2013-01-15
AdvantechWebAccessHMI/SCADA存...,中,2067,2013-01-11
GEProficyHMI/SCADACIMPLICIT...,中,2048,2013-01-10
AdvantechWebAccessHMI/SCADA...,中,2050,2013-01-09
opLYNX验证绕过漏洞,高,1988,2012-12-31
SIEMENSSIMATICTCP报文拒绝服务...,高,2495,2012-12-24
SIEMENSSIMATICSNMP状态信息拒...,高,2505,2012-12-24
CoDeSys存在未明目录遍历漏洞,中,2030,2012-10-29
WellinTechKingView弱密码算法漏...,中,2229,2012-10-11
SiemensSIMATICS7-1200PLC'w...,高,2208,2012-10-10
EmersonDeltaV缓冲区溢出漏洞（...,高,2100,2012-09-29
OPTIMAPLC死循环拒绝服务漏洞,中,2060,2012-09-28
SiemensScalanceX200系列交换机...,高,2359,2013-06-03
SiemensScalanceX200系列交换机...,高,2364,2013-05-30
MICROSYSPROMOTIC目录遍历漏洞,中,2173,2013-05-27
3SCoDeSysGatewayServer内存错...,高,2191,2013-05-27
TURCKBL20/BL67FTP内置账户安全...,高,2041,2013-05-22
InvensysWonderwareInformatio...,高,2110,2013-05-09
InvensysWonderwareInformatio...,低,2066,2013-05-09
InvensysWonderwareInformatio...,高,2085,2013-05-09
OPTIMAPLC死循环拒绝服务漏洞,中,2060,2012-09-28
ParallelsH-Sphere跨站请求伪造...,低,2265,2012-09-20
FultekWinTrScada目录遍历漏洞,中,1949,2012-09-19
SiemensSIMATICS7-1200SSL私钥...,高,2141,2012-09-17
WAGOI/OSystem758模块未授权访...,中,2046,2012-09-17
SiemensSIMATICWinCCActiveX控...,高,2478,2012-09-12
Ezylogphotovoltaicmanagement...,高,2521,2012-09-12
SiemensSIMATICWinCC任意文件读...,中,2544,2012-09-12
Ezylogphotovoltaicmanagement...,中,2210,2012-09-12
SiemensSIMATICWinCC跨站请求伪...,高,2364,2012-09-12
SiemensSIMATICWinCC跨站脚本漏...,高,2366,2012-09-12
Ezylogphotovoltaicmanagement...,高,2140,2012-09-12
SiemensSIMATICWinCCSOAPSQL...,高,2362,2012-09-12
Ezylogphotovoltaicmanagement...,中,2183,2012-09-12
HoneywellHMIWebBrowserActiv...,高,2057,2012-09-10
多个RealFlex产品不安全库装载任...,中,2029,2012-09-10
RuggedComRuggedOperatingSys...,中,2124,2012-08-27
WebsenseEmailSecurity弱加密漏...,中,2088,2012-08-27
IOServerWeb接口目录遍历漏洞,中,2117,2012-08-22
SielcoSistemiWinlog应用存在漏...,高,2354,2012-08-03
SPECVIEW目录遍历漏洞,中,2383,2012-08-03
SielcoSistemiWinlog应用存在漏...,高,2442,2012-08-03
SielcoSistemiWinlog应用存在漏...,高,2381,2012-08-03
SielcoSistemiWinlog应用存在漏...,高,2388,2012-08-03
WellinTechKingView后门未授权访...,高,2190,2012-07-31
IconicsGENESIS32/BizViz本地验...,中,2044,2012-07-31
SIEMENSSIMATICS7-400拒绝服务...,高,2469,2012-07-31
KesslerEllisProductsInfilin...,中,2005,2012-07-31
SIEMENSSIMATICS7-400拒绝服务...,高,2485,2012-07-31
Invensys产品DLL加载任意代码执行...,中,2070,2012-07-25
SiemensSIMATIC产品DLL加载任意...,高,2063,2012-07-25
InvensysWonderwareSuiteLink栈...,高,2149,2012-07-06
InvensysWonderwareSuiteLink拒...,中,2008,2012-07-06
WellinTechKingView栈缓冲区溢出...,高,2215,2012-07-05
WellinTechKingView堆缓冲区溢出...,高,2106,2012-07-05
WellinTechKingView非法读漏洞,高,2120,2012-07-05
WellinTechKingView路径遍历漏洞...,中,2184,2012-07-05
SpecViewWebServer目录遍历漏洞...,中,1922,2012-07-02
Kingview网络缓冲区溢出漏洞,高,2094,2012-06-28
SielcoSistemiWinlogPro存在多...,中,2164,2012-06-28
SiemensWinCC目录遍历漏洞,中,2003,2012-06-18
SiemensWinCC缓冲区溢出漏洞,中,2038,2012-06-18
SiemensWinCC跨站脚本漏洞,中,1970,2012-06-18
SiemensWinCC存在漏洞（CNVD-20...,中,2090,2012-06-18
SiemensWinCC存在漏洞（CNVD-20...,中,1979,2012-06-18
ForeScoutCounterACT'username...,中,1959,2012-06-12
SielcoSistemiWinlogLite缓冲...,高,2213,2012-06-06
xArrow缓冲区溢出漏洞,高,1943,2012-05-31
xArrow任意代码执行漏洞,高,1984,2012-05-31
Rugged操作系统后门未授权访问漏...,中,3138,2012-04-25
EmbryoCoreCMSSQL注入漏洞,高,1916,2012-04-17
EmbryoCoreCMSHTML注入漏洞,中,1982,2012-04-17
PROMOTIC内存错误引用远程代码执...,高,2129,2012-04-13
CoDeSys访问安全绕过漏洞,中,2050,2012-04-10
GEEnergyD20/D200Substation...,高,2053,2012-04-10
SiemensScalanceFirewall拒绝服...,中,1265,2012-04-09
xArrow整数溢出漏洞,高,1925,2012-05-31
MeasuresoftScadaProDLL装载任...,高,1925,2012-05-25
DeltaV多个产品跨站脚本漏洞,中,2089,2012-05-18
DeltaV多个产品文件操作漏洞,高,2045,2012-05-18
DeltaV多个产品SQL注入漏洞,高,2099,2012-05-18
DeltaV多个产品拒绝服务漏洞,中,2055,2012-05-18
DeltaV多个产品缓冲区溢出漏洞,高,2096,2012-05-18
WonderwareArchestraSuiteLink...,高,1973,2012-05-16
ProgeaMovicon越界内存破坏漏洞,高,1998,2012-05-14
多个ABB产品ActiveX控件缓冲区溢...,高,2184,2012-04-06
InvensysWonderwareInformatio...,高,1954,2012-04-05
InvensysWonderwareInformatio...,中,1974,2012-04-05
InvensysWonderwareInformatio...,高,1979,2012-04-05
多个Invensys产品远程堆缓冲区溢...,高,2024,2012-03-31
多个Invensys产品远程堆缓冲区溢...,高,1918,2012-03-31
EcavaIntegraXor'igcom.dll'目...,中,2263,2012-03-29
vtigerCRM'module_name'参数本...,中,2417,2012-03-23
TwinCATScope'TCatScopeView.e...,高,1931,2012-03-06
xArrow存在多个拒绝服务漏洞,中,1955,2012-03-06
WellinTechKingViewDLL装载任意...,高,2087,2012-05-02
ParallelsPleskPanel不安全文件...,中,2354,2012-04-27
ParallelsPleskPanel存在未明远...,中,2238,2012-03-05
D-LinkDCS产品'security.cgi'跨...,中,2594,2012-02-24
ABBWebWareServer'RobNetScan...,高,2180,2012-02-23
AdvantechWebAccess跨站脚本漏洞...,中,1986,2012-02-17
AdvantechBroadWinWebAccess远...,高,2052,2012-02-10
Ing.PunzenbergerCOPA-DATAGm...,中,1976,2012-02-08
Ing.PunzenbergerCOPA-DATAGm...,中,1973,2012-02-08
SiemensSIMATICWinCCHMI拒绝服...,高,2251,2012-02-06
SiemensSIMATICWinCCHMI跨站脚...,中,1967,2012-02-06
SiemensSIMATICWinCCHMITeln...,高,2377,2012-02-06
SiemensSIMATICWinCCHMI目录遍...,高,2288,2012-02-06
SiemensSIMATICWinCCHMI跨站脚...,高,2334,2012-02-06
SEL-2032CommunicationsProces...,中,1821,2012-01-31
GEEnergyD20/D200Substation...,中,1972,2012-01-31
RockwellAutomationControlLog...,中,2114,2012-01-31
SchneiderElectricModiconQua...,中,2345,2012-01-31
ComponentOneFlexGridActiveX控...,高,2147,2012-01-31
KingSCADA凭据信息泄露漏洞,低,1906,2012-01-31
TecomatFoxtrot默认密码安全绕过...,中,1854,2012-01-31
atvise远程拒绝服务漏洞,中,1987,2012-01-19
7TTERMISDLL装载任意代码执行漏...,高,2064,2012-02-20
7TAQUISDLL装载任意代码执行漏...,高,2095,2012-02-20
Advantech/BroadwinHMI/SCADAR...,高,2064,2012-02-20
AdvantechWebAccess任意内存损坏...,高,2008,2012-02-17
AdvantechWebAccess存在漏洞（C...,中,1988,2012-02-17
AdvantechWebAccess缓冲区溢出漏...,高,2261,2012-02-17
AdvantechWebAccessSQL注入漏洞...,高,2290,2012-02-17
AdvantechWebAccessSQL注入漏洞...,高,2298,2012-02-17
AdvantechWebAccessSQL注入漏洞...,高,2295,2012-02-17
Koha'help.pl'本地文件包含漏洞,高,2008,2011-12-22
InvensysWonderwareinBatchBa...,高,1926,2011-12-21
SafeNetSentinelHASP和7TIGSS...,中,1994,2011-12-13
CoDeSys存在多个远程拒绝服务漏洞...,中,1938,2011-12-13
vtigerCRM跨站脚本漏洞（CNVD-2...,中,2106,2011-12-13
HomeSeerHS2Web接口存在多个漏...,中,2223,2011-12-09
ArcInformatique产品ActiveX控件...,高,2175,2011-12-08
ArcInformatique产品ActiveX控件...,高,2318,2011-12-08
ArcInformatique产品ActiveX控件...,高,2192,2011-12-08
SiemensSIMATICWinCCHMI字符串...,高,2481,2012-02-06
SiemensSIMATICWinCCHMI存在漏...,高,2377,2012-02-06
SiemensSIMATICWinCCHMI头注入...,中,2022,2012-02-06
SiemensSIMATICWinCCHMI目录遍...,高,2328,2012-02-06
SiemensSIMATICWinCCHMI存在漏...,高,2319,2012-02-06
DreamReport跨站脚本漏洞,中,1879,2012-02-02
DreamReport远程代码执行漏洞,高,1865,2012-02-02
KoyoECOM100Ethernet模块存在多...,中,1861,2012-02-02
HPNetworkAutomation远程未授权...,中,2090,2012-02-01
7-TechnologiesInteractiveGra...,中,2067,2012-01-18
RockwellAutomationFactoryTal...,中,2040,2012-01-18
RockwellAutomationFactoryTal...,中,2038,2012-01-18
CloupiaFlexPodManagement和Au...,中,1959,2012-01-17
Wibu-SystemsCodeMeterTCP报文...,中,838,2012-01-12
多个DataHub产品存在未明HTTP头注...,中,1993,2012-01-12
vtigerCRM数据库备份验证绕过漏...,中,2358,2011-12-29
多个SiemensSIMATIC产品验证绕过...,中,2215,2011-12-23
多个SiemensSIMATIC产品验证绕过...,中,2100,2011-12-23
AdvantechWebAccess缓冲区溢出漏...,高,2219,2012-02-17
AdvantechWebAccess文件操作漏洞...,高,2267,2012-02-17
AdvantechWebAccess存在漏洞（C...,中,1981,2012-02-17
AdvantechWebAccess跨站请求伪造...,中,1921,2012-02-17
AdvantechWebAccess跨站脚本漏洞...,中,1986,2012-02-17
AdvantechWebAccess存在漏洞（C...,中,2041,2012-02-17
AdvantechWebAccess缓冲区溢出漏...,高,2258,2012-02-17
ArcInformatique产品ActiveX控件...,高,2256,2011-12-08
SielcoSistemi多个产品缓冲区溢...,高,2019,2011-12-07
CoDeSys'Content-Length'空指针...,中,2010,2011-12-02
CoDeSysHTTP请求空指针引用漏洞,中,2004,2011-12-02
CoDeSys缓冲区溢出漏洞,高,1956,2011-12-02
CoDeSys整数溢出漏洞,高,2023,2011-12-02
SiemensSIMATICWinCCFlexible...,高,2353,2011-11-29
MiniWeb目录遍历漏洞,中,2100,2011-11-29
RockwellAutomationControlLog...,中,2071,2012-02-01
RockwellAutomationControlLog...,中,2020,2012-02-01
KingView'HistoryServer.exe'基...,高,1963,2011-12-22
7-TechnologiesInteractiveGra...,高,2001,2011-12-22
7-TechnologiesInteractiveGra...,中,2000,2011-12-22
PROMOTICActiveXAddTrend栈缓...,高,1991,2011-10-17
vTigerCRM存在多个跨站脚本执行...,中,1941,2011-10-14
vTigerCRM任意SQL注入漏洞,高,1930,2011-10-14
atvisewebMI2ADSWeb服务器空指...,中,1813,2011-10-12
OPCSystems.NETRPC报文远程拒绝...,中,1758,2011-10-12
atvisewebMI2ADSWeb服务器'shu...,中,1834,2011-10-12
atvisewebMI2ADSWeb服务器拒绝...,中,1809,2011-10-12
atvisewebMI2ADSWeb服务器目录...,中,1836,2011-10-12
AdvantechWebAccess格式字符串漏...,高,2071,2012-02-17
AdvantechWebAccess信息泄露漏洞...,中,1968,2012-02-17
AdvantechWebAccess跨站脚本漏洞...,中,1944,2012-02-17
AdvantechWebAccess存在漏洞（C...,中,2042,2012-02-17
SiemensSIMATICWinCCFlexible...,中,2334,2011-11-29
SiemensSIMATICWinCCFlexible...,高,2078,2011-11-29
LibLimeKoha'KohaOpacLanguage...,中,1987,2011-11-28
InduSoftWebStudio'CEServer'...,高,1986,2011-11-16
InduSoftWebStudio'CEServer'...,中,1920,2011-11-16
OptimaPLCAPIFTP服务器拒绝服务...,中,1775,2011-11-15
OptimaPLCAPIFTP服务器拒绝服务...,中,1805,2011-11-15
OptimaAPIFTPServer存在多个漏...,中,1838,2011-11-14
SchneiderElectric/Mitsubishi...,中,1963,2011-11-11
vtigerCRM'index.php'本地文件...,中,1984,2011-11-11
SiemensSIMATICWinCCFlexible...,中,2116,2011-11-29
SiemensSIMATICWinCCFlexible...,高,2434,2011-11-29
MiniWeb拒绝服务漏洞,中,2009,2011-11-29
IconicsGENESIS32存在多个内存破...,高,1975,2011-10-03
PcVueActiveX控件内存修改漏洞,中,1930,2011-09-28
PcVueActiveX控件本地文件破坏漏...,中,1911,2011-09-28
PcVueActiveX控件数组溢出漏洞,中,1880,2011-09-28
PcVueActiveX控件任意代码执行漏...,中,1931,2011-09-28
pNetPower6.1AngelServerUDP数...,高,1890,2011-09-23
RockwellRSLogixRsvcHost.exe...,中,2005,2011-09-20
HPBusinessServiceAutomation...,高,1944,2011-09-20
vtigerCRM'graph.php'本地文件...,中,1916,2011-11-11
CSWorksLiveData服务TCP报文处理...,中,1846,2011-11-02
PROMOTICActiveX控件'GetPromot...,高,1862,2011-11-01
ParallelsPleskPanel跨站脚本漏...,中,2048,2011-11-01
ParallelsPleskPanelSQL注入漏...,高,2332,2011-11-01
vtigerCRM'index.php'存在多个...,中,1964,2011-10-27
IRAIAUTOMGENUseAfterFree漏...,高,1825,2011-10-20
vTigerCRM远程代码执行漏洞,高,1962,2011-10-18
PROMOTIC'/webdir/'URL目录遍历...,中,2010,2011-10-17
PROMOTICPActiveXSaveCfg栈缓冲...,高,1995,2011-10-17
Movicon基于堆缓冲区溢出漏洞,高,1875,2011-09-15
CogentDataHub缓冲区溢出漏洞,高,1942,2011-09-15
MeasuresoftScadaPro'wF'命令发...,中,1756,2011-09-15
Movicon拒绝服务漏洞,中,1845,2011-09-15
MeasuresoftScadaPro'RF'命令发...,中,1774,2011-09-15
ProgeaMovicon/PowerHMI存在多个...,中,1866,2011-09-15
CogentDataHub信息泄露漏洞,中,1868,2011-09-15
Movicon基于堆缓冲区溢出漏洞,高,1875,2011-09-15
CogentDataHub缓冲区溢出漏洞,高,1942,2011-09-15
MeasuresoftScadaPro'wF'命令发...,中,1756,2011-09-15
Movicon拒绝服务漏洞,中,1845,2011-09-15
CogentDataHub整数溢出漏洞,高,1878,2011-09-15
MeasuresoftScadaPro'uF'命令发...,中,1756,2011-09-15
ICONICSIcoSetServerActiveXC...,高,1827,2011-09-02
IBMRationalBuildForge'Edit...,中,2094,2011-09-02
InduSoftISSymbolActiveXCont...,高,1884,2011-09-02
SiemensSIMATICWinCCFlexible...,高,2073,2011-09-02
ControlMicrosystemsClearSCAD...,中,1795,2011-08-31
AzeoTechDAQFactoryNETB数据帧...,高,1774,2011-09-15
RockwellRSLogix拒绝服务漏洞,中,2068,2011-09-15
RSLogix远程拒绝服务漏洞,中,1843,2011-09-14
IBMTivoliSecurityInformatio...,中,2017,2011-09-13
ScadaTECModbusTagServer和Scad...,高,2208,2011-09-13
ScadatecProcyonTelnet服务远程...,高,1898,2011-09-07
ClearSCADAWeb界面认证绕过漏洞,中,1847,2011-09-06
BroadWinWebAccessClient'Ocx...,高,1951,2011-09-05
Wibu-SystemsCodeMeter许可证服...,中,827,2011-09-05
AzeoTechDAQFactory拒绝服务漏洞...,高,1896,2011-08-24
InvensysWonderwareInfoServe...,高,1938,2011-08-04
InvensysWonderwareInformatio...,高,1897,2011-08-03
RockwellAutomationFactoryTal...,中,1980,2011-08-03
EcavaIntegraXor跨站脚本漏洞,中,2009,2011-08-03
HPNetworkAutomationSQL注入漏...,高,1921,2011-07-29
HPNetworkAutomation跨站脚本漏...,中,1901,2011-07-29
RSLinxOPCAutomationActiveX控...,高,1996,2011-06-30
ClearSCADA跨站脚本漏洞,中,1867,2011-06-17
SiemensSIMATICS7-1200控制器通...,高,2094,2011-06-17
ClearSCADA缓冲区溢出漏洞,高,1892,2011-06-17
EcavaIntegraXor远程栈缓冲区溢...,高,2008,2010-12-21
BroadWinWebAccessClient'Wri...,高,1900,2011-09-05
BroadWinWebAccessClient'Clo...,高,1983,2011-09-05
pNetPower6.1AngelServerUDP数...,高,1814,2011-05-20
IBMDatacapTaskmasterCapture...,中,1999,2011-05-19
IBMDatacapTaskmasterCapture...,中,1998,2011-05-19
IBMDatacapTaskmasterCapture...,高,2045,2011-05-16
InduSoftWebStudio目录遍历漏洞...,高,1930,2011-05-16
BMCDashboards跨站脚本漏洞,中,1761,2011-05-06
BMCDashboards信息泄露漏洞,中,1732,2011-05-06
ICONICSVersionInfoActiveX控件...,高,1855,2011-05-05
IconicsGENESIS32和GENESIS64存...,高,1948,2011-03-22
7TInteractiveGraphicalSCADA...,高,1893,2011-03-22
OpenSCAP存在未明安全漏洞,中,1818,2011-03-18
亚控公司KingView'KVWebSvr.dll...,高,2017,2011-03-11
VMwareVMnc编解码器HexTile编码...,高,1585,2010-04-12
VMwareVMnc编解码器HexTile编码...,高,1547,2010-04-12
MicroLogix控制器口令泄露和绕过...,中,1396,2010-01-20
ControlLogix1756-ENBT/AEther...,中,1589,2009-02-05
RealWinSCADA服务器远程栈溢出漏...,高,1200,2008-09-26
CitectSCADAODBC服务器远程栈溢...,高,1162,2008-06-11
IconLabsIconfidantSSH服务器...,中,1084,2008-06-09
WonderWareSuiteLinkslssvc.ex...,中,1571,2008-04-28
CNVD-2004-0508,中,1365,2004-02-19
CiscoAironetAPSNMPtrap泄露...,低,1187,2003-12-02
CiscoAP1x00HTTPGET请求远程拒...,高,1168,2003-07-28
CNVD-2003-0765,中,1266,2003-03-17
CiscoONS15454/ONS15327光纤传输...,高,1230,2002-10-31
NortelContivity交换机远程拒绝...,高,1477,2001-01-19
ITHouseMailServer1.04远程溢...,低,1325,2000-06-02
WebShieldSMTP4.5.44缓冲区溢...,低,1312,2000-05-29
HomeSeerHS2跨站脚本漏洞,中,1702,1970-01-01
SiemensSIMATIC信息泄露漏洞,高,1899,1970-01-01
WindRiverVxWorksINCLUDE_SEC...,高,1605,1970-01-01
vTigerCRMCalendar模块SQL注入...,中,1894,1970-01-01
ParallelsPleskPanel设计错误漏...,高,1829,1970-01-01
SiemensSIMATICS7-300硬编码证...,高,2255,1970-01-01
ParallelsPleskPanel信息泄露漏...,中,1876,1970-01-01
3SCoDeSysGatewayService组件整...,高,1639,1970-01-01
ParallelsPleskPanel信任管理漏...,高,1744,1970-01-01
SiemensSIMATICS7-1200控制器拒...,高,2179,2011-06-17
RSLinxClassicEDS硬件安装工具...,高,2041,2011-06-03
7TInteractiveGraphicalSCADA...,高,1926,2011-05-25
ForceControl6.1WebServerURI请...,高,1911,2011-05-20
RealWin特制报文处理多个栈溢出漏...,中,1785,2010-11-04
HPInsightOrchestration未明权...,中,1840,2010-11-03
DATACRealWin多个栈缓冲区溢出漏...,中,1898,2010-11-03
HPInsightOrchestration存在允...,低,1843,2010-11-02
HPInsightOrchestration存在允...,低,1697,2010-11-02
HPOperationsOrchestrationCV...,低,1691,2010-10-25
RealWin报文处理缓冲区溢出漏洞,中,1635,2010-10-19
IntellicomNetbiterwebSCADA产...,低,1726,2010-10-03
NovelleDirectoryServer畸形索...,低,1610,2010-10-03
SCADA引擎BACnetOPC客户端缓冲区...,中,1578,2010-09-19
NovellPlateSpinOrchestrate远...,低,1564,2010-09-16
AdvantechStudioISSymbolActi...,高,1927,2011-04-28
AdvantechStudioISSymbolActi...,高,2043,2011-04-28
AdvantechStudioISSymbolActi...,高,1958,2011-04-28
7TInteractiveGraphicalSCADA...,高,1887,2011-04-28
AdvantechStudioISSymbolActi...,高,1924,2011-04-28
HPNetworkAutomation未明信息泄...,中,2519,2011-04-25
InvensysWonderwareinBatchBa...,高,1806,2011-04-18
Cyber-ArkPIMSuitePasswordV...,中,1798,2011-04-11
EcavaIntegraXor未明SQL注入漏洞...,低,2079,2011-03-25
Advantech/BroadWinSCADAWebAc...,中,1932,2011-03-24
ProgeaMovicon'TCPUploadServe...,低,1882,2011-03-24
IconicsGENESIS32和GENESIS64存...,高,1948,2011-03-22
MoxaActiveXSDK缓冲区溢出漏洞,高,2004,2011-02-24
ManageEngineADSelfServicePlu...,低,1906,2011-02-12
ManageEngineADSelfServicePlu...,低,2254,2011-02-12
ManageEngineADSelfServicePlu...,中,1890,2011-02-12
ControlMicrosystemsClearSCAD...,低,1816,2011-02-11
7TInteractiveGraphicalSCADA...,低,1926,2011-02-11
HitachiTuningManager未明跨站...,低,1929,2011-02-08
IBMRationalBuildForge跨站脚...,低,2015,2011-02-05
OracleAuditVaultav.action不...,中,1922,2011-01-21
WinlogPro畸形报文栈缓冲区溢出...,低,1846,2011-01-17
亚控公司KingView存在缓存区溢出...,高,1939,2011-01-13
InduSoftNTWebServerWeb服务基...,低,1885,2011-01-13
GE-FanucCIMPLICITYw32rtr.exe...,高,1103,2008-01-24
EasylonOPCServer任意代码执行...,高,1591,2007-12-14
ICONICSDialogWrapper模块Acti...,高,1089,2007-01-02
FiWinSS28SWiFiVoIPSIP/Skyp...,高,1071,2006-09-22
Windows平台下的SISCOOSI堆栈存...,中,1716,2006-09-21
CNVD-2006-0267,中,1174,2006-01-17
CNVD-2005-4020,中,1133,2005-11-16
Cisco7920无线IP电话开放的UDP端...,中,1156,2005-11-16
PingtelXpressa远程拒绝服务漏洞...,高,1106,2004-09-13
IntelInBusinessE-mail工作站安...,低,1407,2000-01-07
SinapsieSolar任意命令执行漏洞...,高,1946,1970-01-01
WebSCADA多个产品cgi-bin/read.c...,中,1699,1970-01-01
vtigerCRM‘graph.php’认证绕...,高,2054,1970-01-01
ParallelsPleskPanel信息泄露漏...,中,1838,1970-01-01
CitectSCADA和MitsubishiMX4SC...,高,1911,1970-01-01
ParallelsPleskPanel多个跨站脚...,中,1839,1970-01-01
Advantech/BroadWinWebAccess跨...,中,1822,1970-01-01
ParallelsPleskSmallBusiness...,中,1780,1970-01-01
SielcoSistemiWinlogProSCAD...,高,1857,1970-01-01
SunwayForceControl多个远程安全...,高,1830,1970-01-01
ParallelsPleskPanel信任管理...,高,1803,1970-01-01
RockwellAutomationAllen-Brad...,中,1776,1970-01-01
ParallelsPleskPanel跨站脚本...,中,1743,1970-01-01
SielcoSistemiWinlogProSCAD...,中,1805,1970-01-01
Netgear多个路由器拒绝服务漏洞,中,1250,1970-01-01
ParallelsPleskPanel设计错误漏...,高,1792,1970-01-01
ParallelsPleskPanel跨站脚本...,中,1772,1970-01-01
SinapsieSolar加密问题漏洞,高,1953,1970-01-01
WebSCADA多个产品cgi-bin/read.c...,中,1705,1970-01-01
vtigerCRM路径遍历漏洞,高,2734,1970-01-01
ParallelsPleskPanel加密问题漏...,中,1809,1970-01-01
Movicon'dwmapi.dll'DLL加载任...,高,1760,1970-01-01
WonderwareArchestraConfigura...,低,1634,2010-08-06
VxWorks存在多个安全漏洞,低,1784,2010-08-03
SiemensSIMATICWinCC默认密码安...,低,1781,2010-07-18
VMWareVIXAPIvmrun工具格式串...,低,1573,2010-04-13
VMWare产品vmware-vmx虚拟网络栈...,低,1561,2010-04-13
VMWareTools软件包库引用代码执...,中,1575,2010-04-13
VMWareTools软件包本地权限提升...,中,1598,2010-04-13
VMWare产品USB服务本地权限提升漏...,高,1560,2010-04-13
EcavaIntegraXor目录遍历漏洞,低,2122,2010-12-24
EcavaIntegraXor非信任搜索路径...,低,2010,2010-12-24
InvensysWonderwareInBatchlm...,中,1936,2010-12-23
EcavaIntegraXor'file_name'参...,低,1901,2010-12-22
CNVD-2004-0509,中,1343,2004-02-19
CiscoONS平台多个安全漏洞,高,1396,2004-02-19
CNVD-2004-0507,中,1318,2004-02-19
HomeSeerHS2跨站请求伪造漏洞,中,1710,1970-01-01
SiemensSIMATIC网络服务器跨站...,高,1821,1970-01-01
WindRiverVxWorksloginDefaul...,高,1696,1970-01-01
vTigerCRM跨站脚本漏洞,中,1843,1970-01-01
ParallelsPleskPanel多个SQL注...,高,1782,1970-01-01
SiemensSIMATIC拒绝服务漏洞,高,1767,1970-01-01
ParallelsPleskPanel信息泄露漏...,中,1825,1970-01-01
3SCoDeSysCmpWebServer.dll模块...,中,1739,1970-01-01
xArrow拒绝服务漏洞,高,1865,1970-01-01
ParallelsPleskPanel信任管理漏...,高,1849,1970-01-01
3SCoDeSysCmpWebServer组件缓冲...,高,1701,1970-01-01
ParallelsPleskPanel加密问题漏...,中,1809,1970-01-01
SiemensSIMATICWinCCRuntime...,高,1802,1970-01-01
ParallelsPleskPanel信息泄露漏...,中,1784,1970-01-01
ParallelsPleskPanel多个SQL注...,高,1776,1970-01-01
SinapsieSolar产品信息泄露漏洞,高,1925,1970-01-01
WindRiverVxWorksFTP守护程序...,中,2128,1970-01-01
ParallelsPleskPanel跨站脚本漏...,中,1715,1970-01-01
WellinTechKingSCADA信任管理漏...,高,1816,1970-01-01
ParallelsPleskPanel‘login’...,中,1789,1970-01-01
SielcoSistemiWinlogProSCAD...,高,1883,1970-01-01
LinksysWRT54G多个路由器拒绝服...,中,1261,1970-01-01
ParallelsPleskPanel设计错误漏...,高,1817,1970-01-01
ParallelsPleskPanel输入验证漏...,高,1954,1970-01-01
SinapsieSolar任意命令执行漏洞...,高,1946,1970-01-01
WebSCADA多个产品cgi-bin/read.c...,中,1699,1970-01-01
vtigerCRM‘graph.php’认证绕...,高,2054,1970-01-01
ParallelsPleskPanel信息泄露漏...,中,1838,1970-01-01
CitectSCADA和MitsubishiMX4SC...,高,1911,1970-01-01
ICONICSIcoSetServerActiveX控...,高,1682,1970-01-01
ParallelsPleskPanel信息泄露漏...,中,1799,1970-01-01
3SCoDeSys'CmbWebserver.dll'模...,中,1774,1970-01-01
ParallelsPleskSmallBusiness...,中,1761,1970-01-01
MICROSYSPROMOTICActiveX组件栈...,高,1851,1970-01-01
ParallelsPleskPanelSQL注入漏...,高,1870,1970-01-01
vtigerCRMLeads模块安全漏洞,中,1907,1970-01-01
SielcoSistemiWinlogProSCAD...,高,1860,1970-01-01
RockwellAutomationABMicrolo...,高,1288,1970-01-01
ParallelsPleskPanel设计错误漏...,高,1816,1970-01-01
ParallelsPleskPanel信息泄露...,中,1833,1970-01-01
SinapsieSolar未授权访问漏洞,高,1917,1970-01-01
WebSCADA多个产品cgi-bin/read.c...,高,1694,1970-01-01
ParallelsPleskPanel信息泄露漏...,中,1866,1970-01-01
InvensysWonderwareinBatch‘...,高,1738,1970-01-01
ParallelsPleskPanel加密问题漏...,中,1853,1970-01-01
7TTERMIS不可信搜索路径漏洞,中,1880,1970-01-01
ParallelsPleskSmallBusiness...,中,1819,1970-01-01
CogentDataHub/CascadeDataHub...,中,1868,1970-01-01
SielcoSistemiWinlogProSCAD...,高,1834,1970-01-01
SiemensSIMATICS7-1200PLCSy...,中,1833,1970-01-01
ParallelsPleskPanel信息泄露漏...,中,1764,1970-01-01
HomeSeerHS2跨站请求伪造漏洞,中,1710,1970-01-01
SiemensSIMATIC网络服务器跨站...,高,1821,1970-01-01
WindRiverVxWorksloginDefaul...,高,1696,1970-01-01
vTigerCRM跨站脚本漏洞,中,1843,1970-01-01
ParallelsPleskPanel多个SQL注...,高,1782,1970-01-01
SiemensSIMATIC拒绝服务漏洞,高,1767,1970-01-01
ParallelsPleskPanel信息泄露漏...,中,1825,1970-01-01
3SCoDeSysCmpWebServer.dll模块...,中,1739,1970-01-01
xArrow拒绝服务漏洞,高,1865,1970-01-01
WellinTechKingSCADA信任管理漏...,高,1816,1970-01-01
ParallelsPleskPanel‘login’...,中,1789,1970-01-01
SielcoSistemiWinlogProSCAD...,高,1883,1970-01-01
